-- MySQL dump 10.13  Distrib 8.0.34, for Win64 (x86_64)
--
-- Host: k10d203.p.ssafy.io    Database: whoru_db
-- ------------------------------------------------------
-- Server version	8.3.0

/*!40101 SET @OLD_CHARACTER_SET_CLIENT=@@CHARACTER_SET_CLIENT */;
/*!40101 SET @OLD_CHARACTER_SET_RESULTS=@@CHARACTER_SET_RESULTS */;
/*!40101 SET @OLD_COLLATION_CONNECTION=@@COLLATION_CONNECTION */;
/*!50503 SET NAMES utf8 */;
/*!40103 SET @OLD_TIME_ZONE=@@TIME_ZONE */;
/*!40103 SET TIME_ZONE='+00:00' */;
/*!40014 SET @OLD_UNIQUE_CHECKS=@@UNIQUE_CHECKS, UNIQUE_CHECKS=0 */;
/*!40014 SET @OLD_FOREIGN_KEY_CHECKS=@@FOREIGN_KEY_CHECKS, FOREIGN_KEY_CHECKS=0 */;
/*!40101 SET @OLD_SQL_MODE=@@SQL_MODE, SQL_MODE='NO_AUTO_VALUE_ON_ZERO' */;
/*!40111 SET @OLD_SQL_NOTES=@@SQL_NOTES, SQL_NOTES=0 */;

--
-- Table structure for table `admin`
--

DROP TABLE IF EXISTS `admin`;
/*!40101 SET @saved_cs_client     = @@character_set_client */;
/*!50503 SET character_set_client = utf8mb4 */;
CREATE TABLE `admin` (
  `id` int NOT NULL AUTO_INCREMENT,
  `name` varchar(255) COLLATE utf8mb3_bin DEFAULT NULL,
  `password` varchar(255) COLLATE utf8mb3_bin DEFAULT NULL,
  `role` varchar(255) COLLATE utf8mb3_bin DEFAULT NULL,
  `user_id` varchar(255) COLLATE utf8mb3_bin DEFAULT NULL,
  PRIMARY KEY (`id`)
) ENGINE=InnoDB AUTO_INCREMENT=2 DEFAULT CHARSET=utf8mb3 COLLATE=utf8mb3_bin;
/*!40101 SET character_set_client = @saved_cs_client */;

--
-- Dumping data for table `admin`
--

LOCK TABLES `admin` WRITE;
/*!40000 ALTER TABLE `admin` DISABLE KEYS */;
INSERT INTO `admin` VALUES (1,'관리자','1q2w3e4r','ROLE_ADMIN','admin');
/*!40000 ALTER TABLE `admin` ENABLE KEYS */;
UNLOCK TABLES;

--
-- Table structure for table `ban`
--

DROP TABLE IF EXISTS `ban`;
/*!40101 SET @saved_cs_client     = @@character_set_client */;
/*!50503 SET character_set_client = utf8mb4 */;
CREATE TABLE `ban` (
  `end_date` datetime(6) DEFAULT NULL,
  `id` bigint NOT NULL AUTO_INCREMENT,
  `member_id` bigint DEFAULT NULL,
  `start_date` datetime(6) NOT NULL,
  PRIMARY KEY (`id`),
  KEY `FKqxg66g9klfxwkltgxsadxlop7` (`member_id`),
  CONSTRAINT `FKqxg66g9klfxwkltgxsadxlop7` FOREIGN KEY (`member_id`) REFERENCES `member` (`id`)
) ENGINE=InnoDB AUTO_INCREMENT=3 DEFAULT CHARSET=utf8mb3 COLLATE=utf8mb3_bin;
/*!40101 SET character_set_client = @saved_cs_client */;

--
-- Dumping data for table `ban`
--

LOCK TABLES `ban` WRITE;
/*!40000 ALTER TABLE `ban` DISABLE KEYS */;
/*!40000 ALTER TABLE `ban` ENABLE KEYS */;
UNLOCK TABLES;

--
-- Table structure for table `board`
--

DROP TABLE IF EXISTS `board`;
/*!40101 SET @saved_cs_client     = @@character_set_client */;
/*!50503 SET character_set_client = utf8mb4 */;
CREATE TABLE `board` (
  `create_date` datetime(6) DEFAULT NULL,
  `id` bigint NOT NULL AUTO_INCREMENT,
  `update_date` datetime(6) DEFAULT NULL,
  `writer_id` bigint DEFAULT NULL,
  `content` varchar(255) COLLATE utf8mb3_bin DEFAULT NULL,
  `subject` varchar(255) COLLATE utf8mb3_bin DEFAULT NULL,
  `board_type` enum('INQUIRY','NOTIFICATION') COLLATE utf8mb3_bin DEFAULT NULL,
  PRIMARY KEY (`id`),
  KEY `FKi57kt4qb1qssjljxotb26a4h0` (`writer_id`),
  CONSTRAINT `FKi57kt4qb1qssjljxotb26a4h0` FOREIGN KEY (`writer_id`) REFERENCES `member` (`id`)
) ENGINE=InnoDB AUTO_INCREMENT=20 DEFAULT CHARSET=utf8mb3 COLLATE=utf8mb3_bin;
/*!40101 SET character_set_client = @saved_cs_client */;

--
-- Dumping data for table `board`
--

LOCK TABLES `board` WRITE;
/*!40000 ALTER TABLE `board` DISABLE KEYS */;
INSERT INTO `board` VALUES ('2024-05-14 18:20:09.701055',1,'2024-05-14 18:20:09.701407',4,'문의하기 내용','문의하기 ','INQUIRY'),('2024-05-14 20:03:21.510216',2,'2024-05-14 20:03:21.512756',1,'Whoru 서비스를 이용해주셔서 감사합니다!\n서비스 재미있게 즐겨주시고, 되도록 건전한 메시지 공유 부탁드릴게요!','[V1] 서비스 배포 - MVP 테스트','NOTIFICATION'),('2024-05-16 10:24:59.189155',4,'2024-05-16 10:24:59.189512',11,'fdsfdsfds','fdsfs','INQUIRY'),('2024-05-16 13:25:49.513971',5,'2024-05-16 13:25:49.515872',1,'문의사항','문의사항','INQUIRY'),('2024-05-19 14:18:33.747522',8,'2024-05-19 14:18:33.748986',1,'v1.1 업데이트를 위해 잠시동안 사용에 불편함이 생길 수 있는 점 양해부탁드립니다.','잠시 후 v1.1 업데이트 진행 예정입니다.','NOTIFICATION'),('2024-05-19 15:01:34.207901',9,'2024-05-19 15:03:02.860817',1,'안녕하세요.\nWhoru v1.1 업데이트가 금일 5월 19일(일) 진행되었습니다.\n\n\n\n자세한 내용은 MM 홍보글을 참조해주세요!','v1.1 업데이트 안내','NOTIFICATION'),('2024-05-19 16:21:28.317502',10,'2024-05-19 16:21:28.318326',1,'dddd','ddddd','INQUIRY'),('2024-05-19 18:37:40.034746',12,'2024-05-19 18:37:40.039013',46,'문의했습니다.','문의합니다','INQUIRY'),('2024-05-19 18:40:32.396110',13,'2024-05-19 18:40:32.396406',46,'뽑기는 어떻게 하나요?\n저에게는 기회가 없네요\n한번만 기회를 주세요\n다음엔 더 잘 할 자신있습니다.','진짜 문의','INQUIRY'),('2024-05-19 18:46:03.142334',14,'2024-05-19 18:46:12.798356',1,'■ 로그인 토큰 관련 에러 수정\n■ 구글 로그인 시 카카오로그인 페이지로 가는 현상 수정','[5.19] 긴급패치','NOTIFICATION'),('2024-05-19 19:19:23.027084',15,'2024-05-19 19:19:23.027367',3,'왜 제가 정지가 되었는지 이유를 알 수 있을까요?','안녕하세요 계정정지에 대한 문의입니다.','INQUIRY'),('2024-05-19 21:32:04.573266',16,'2024-05-19 21:32:04.576383',1,'ㅁㄴㅇㄻㄴㅇㄻㄴㅇㄹ\n\n\n\n\n\n\n\n\n\nㅁㄴㅇㄻㄴㅇㄻㄴㅇㄹ','ㅁㄴㅇㄻㄴㅇㄻㄴㅇㄹ','INQUIRY'),('2024-05-20 04:43:05.034305',18,'2024-05-20 04:43:05.041108',6,'제----발요!!','랜덤박스 횟수 좀 늘려주세요!','INQUIRY'),('2024-05-20 05:53:39.590987',19,'2024-05-20 05:53:39.594213',3,'고생많으십니다 ㅠㅠ ','고생많으십니다','INQUIRY');
/*!40000 ALTER TABLE `board` ENABLE KEYS */;
UNLOCK TABLES;

--
-- Table structure for table `comment`
--

DROP TABLE IF EXISTS `comment`;
/*!40101 SET @saved_cs_client     = @@character_set_client */;
/*!50503 SET character_set_client = utf8mb4 */;
CREATE TABLE `comment` (
  `board_id` bigint NOT NULL,
  `commenter_id` bigint DEFAULT NULL,
  `create_date` datetime(6) DEFAULT NULL,
  `id` bigint NOT NULL AUTO_INCREMENT,
  `update_date` datetime(6) DEFAULT NULL,
  `content` varchar(255) COLLATE utf8mb3_bin DEFAULT NULL,
  PRIMARY KEY (`id`),
  UNIQUE KEY `UK_f4c5ri76r4sfvu6pm6c2msf76` (`board_id`),
  KEY `FKkkdf3y7qctevtw918afg82uw7` (`commenter_id`),
  CONSTRAINT `FKkkdf3y7qctevtw918afg82uw7` FOREIGN KEY (`commenter_id`) REFERENCES `member` (`id`),
  CONSTRAINT `FKlij9oor1nav89jeat35s6kbp1` FOREIGN KEY (`board_id`) REFERENCES `board` (`id`)
) ENGINE=InnoDB AUTO_INCREMENT=6 DEFAULT CHARSET=utf8mb3 COLLATE=utf8mb3_bin;
/*!40101 SET character_set_client = @saved_cs_client */;

--
-- Dumping data for table `comment`
--

LOCK TABLES `comment` WRITE;
/*!40000 ALTER TABLE `comment` DISABLE KEYS */;
INSERT INTO `comment` VALUES (1,1,'2024-05-14 19:45:59.967399',1,'2024-05-14 19:45:59.967403','?'),(15,1,'2024-05-19 21:27:04.528081',3,'2024-05-19 21:27:04.528084','ㅗ'),(13,1,'2024-05-19 21:33:10.243624',4,'2024-05-19 21:33:10.243626','안녕하세요 \'양건우\' 이용자님!\n저희 랜덤박스 획득 로직에 관해서는 메시지를 전송할 때 30%의 확률로 얻을 수 있다고 말씀드릴 수 있어요! 그 외의 획득처는 없기 때문에 메시지를 많이 많이 보내주실수록 랜덤박스를 획득할 수 있다는 점 말씀드리고 저는 이만 퇴근해보겠습니다!'),(18,1,'2024-05-20 09:50:48.629659',5,'2024-05-20 09:50:48.629665','랜덤박스는 30%확률로 메시지작성시 획득가능 하십니다.');
/*!40000 ALTER TABLE `comment` ENABLE KEYS */;
UNLOCK TABLES;

--
-- Table structure for table `fcm_notification`
--

DROP TABLE IF EXISTS `fcm_notification`;
/*!40101 SET @saved_cs_client     = @@character_set_client */;
/*!50503 SET character_set_client = utf8mb4 */;
CREATE TABLE `fcm_notification` (
  `mark` bit(1) DEFAULT NULL,
  `id` bigint NOT NULL AUTO_INCREMENT,
  `member_id` bigint DEFAULT NULL,
  `fcm_token` varchar(255) COLLATE utf8mb3_bin NOT NULL,
  PRIMARY KEY (`id`),
  KEY `FK2s9hqr5i0ugt20htpwm2n3m04` (`member_id`),
  CONSTRAINT `FK2s9hqr5i0ugt20htpwm2n3m04` FOREIGN KEY (`member_id`) REFERENCES `member` (`id`)
) ENGINE=InnoDB AUTO_INCREMENT=78 DEFAULT CHARSET=utf8mb3 COLLATE=utf8mb3_bin;
/*!40101 SET character_set_client = @saved_cs_client */;

--
-- Dumping data for table `fcm_notification`
--

LOCK TABLES `fcm_notification` WRITE;
/*!40000 ALTER TABLE `fcm_notification` DISABLE KEYS */;
INSERT INTO `fcm_notification` VALUES (_binary '\0',2,3,'cN29XkwBNKIwENSy8Tfd0v:APA91bFn-pJcbhG5rQ7rqMRNKeaPqfE78x4QuinHQnY0stfc4TZHku71skEO3a9iVkboLyQJ58cZ4qTXDW9t9d3ILGp79T7TV8R1Tj7QXkJU3I-tpm2qRETcXF-N01nj4VK5NwDDHB9s'),(_binary '\0',4,14,'fDJ6ApgA1Ac5txgX1S_kFG:APA91bEsSH3vY0j68w67Aib3VmHMI3Z-hQ1xruCNLuXkRRT_A7z2jynLKEvIzAZjduTrSzoyPBkSA08NKPle4cyuPrBnawjjfDpfC3qtRqqvYMVgyMMXBbhs0vFc3Q8KOiNCcz17mvgW'),(_binary '\0',7,15,'eNyCS_CoD4IBkXMV-SPnjU:APA91bEVtVwT__v4EWXtbIax4Z_1YSf1XwL2JlueM-zcs7RLBRTfSOS_fyjThwQurbi92rNbh5snkJCrXn4Jf7cUtusl2AjHtosvsTtNHEQkLs1oCkK2pPtPvDaCeNYOzGl5KCa6nJ3q'),(_binary '\0',12,25,'cqDyIPS3tVaxkTwxF2mw9i:APA91bFt0BGpQaP2Y5GUtEtYdbd4SSOhf0u3ENmbmF7vApPiEF1b4oE2iyfcgGA3XTp4_8_kTyYkoq-m7TBLHLVAphxJlixwqxomJLURxJwQ0hEvB6Ptn0v-FMC6oOUNGbJJ3sizQLMS'),(_binary '\0',15,27,'c4Oakxy56lX9IAytZkUPJC:APA91bG_zXS_FPC-jLPf69m2xoAfvmYpTQj6fIWodUJZg9gVnDYwB3YmSa8_yYCRaA2NhUV1QHEi_qc7-2T03eLBTZGtDghc3BNLn9WsDnB2rDqKElgweMuvfM7dW65HuBNT1gNMcow0'),(_binary '\0',16,4,'elrer05T6vvY9NSA7MBquN:APA91bH1VHGtkXil3GWnebwSY1rANGQhSxUKsrngU_FqmxV6DQehWmGeoZxMcZpVAXWmP0eyFHrAX478wMdnzKWDdpnm3g3Opn8myYeZP8BIF0BZ4N6xulUlDastZfJDprJslvDmLRal'),(_binary '\0',17,11,'dDV4wxbt-zdkLRO2WcQxXu:APA91bF-KVeCo48wXrOYwFgfBySwe9yLuz69zUvtd40v4isrT9Qcig4yEbHCHMhm6hcX9Iq9B89iIJRQG_S5Rb3VmNem4fjfCwi9KfSyhNh23EJk1xU4zd04_MJTol7CzrM8R9C0PAex'),(_binary '\0',18,11,'f0Kg71zj247XbHLswybKWu:APA91bEekEXRG8nwWLyY0QCoJtZXnd5hMp_a3d-d7IsNVKREGM3pavxbzMmaqpHPYIUPa_MvyiQU5VEubyJvrqxlvpcQoqXgTho4UJ2hjctTOt7ot_1eco6gbwwJgslSai7E6WY11WWc'),(_binary '\0',19,29,'c6OYPnif7AmfdSVBkyyZZR:APA91bEn8Ibq68ZisRLWbHwI4l6gx6uSt1TaV1Gsh6-1xJrdbFC21TpgK84ccxhwdrk-RIItbn6VgVYCdMS1ZV3rlx6VouO1YMS207S2yVMUFU4etbjsX6owfV7aZoZNavR6HwiMaU0J'),(_binary '\0',29,17,'dU6jXJGemXPpNCpbSoIR5b:APA91bHtw7Gbox6oBCeX5mnjr4iczukjacGi-AoNhYOuzg4YNDaHQYD-cjqAmp9jaUmWckmF37PFf6es_LcB-cZGHRgoG29z4KXlqUBm3lKMUnldkjuorlr_u3sMGqn04KfelX_z0Gng'),(_binary '\0',34,2,'dMFtH5xbbNrpwMnDUiR7fX:APA91bHUmJWZe5-WB4xj2yxvhK9_Hr766p0zuv00XSKql1k9cCV-hfrz_NEmdgHTwKKbrhVexDpss2ZUcqdMa0-giuBL4rDR64ygfIOKCz4yhpC9N-u4U_iMvg4bx8_KK3Z6OQUEEHPl'),(_binary '\0',42,35,'eKaNPGv8dO7LB1dH39M1U2:APA91bH5gpeYS8JiEvRrvQh3RDhWx_ZO-ZKIOUK5_F9F7uqwTD1D1oD8FrZ7rc1DISiIqBSrdeVWiBzCip9XjivEQQP7Ao7gKr7GfoN-cdUX7kOCq80MR-sZ2b9Zxjzm0-DMzivBB9Qu'),(_binary '\0',45,3,'dY7o5wxwu1ka6t1oMLIO27:APA91bGQO50HFGPWVTLO6Tp3y8Tyxsk07xFJysrdcYG683NSK-E7erGOFK3KdMXwXH9Bi-P70_TlwduW7uzsHJf-iB6AJbXuNFTyE4hB4EYBXSsjoNWZXq0ZeIB-ztY3KLbmnynzWjUh'),(_binary '\0',48,38,'diDj5qEcqyMboWVvDUIa0y:APA91bG0f7G-Y6EB0rX_tKk-oWIVz3ISAFjQs7dBhrVw-f0Ak8xxuwyZuEJDIUWlicOG7f_5hLMTOGij49YnexYtOoIDB2e-lsosVT1rFQ_GR7tzTAcBcebC5EwTy3VPVx6t9bho7oYH'),(_binary '\0',50,37,'cm9Y_xb89bFTwTRlveYG7-:APA91bG8CYyu3MNxyXmq0ENXfbqtZh1ndYxILv5thfmsDhNnLiR9CUPNmH7BB3Mw200wjNLslm9zu4NgMbVV8xVgRcVDjUXCabsviaH_nQgly08h04TaUgTg2rcaHSLKQ-VRXRES8E38'),(_binary '\0',52,41,'fMN3q-slOf5CPbXXIDAuPg:APA91bHbvrDcS_YmPR2K1Hq5EiL37epOBPRanEL0N2cU0LYIMPSnepaITqRZ7fk_DdZDOHqfKqXf7sNWJWCu-PQ9oqnw-zGdjfN2aZXFskD2LTsgL1bRJklZaPKFojEWyLtpc7VRSG1b'),(_binary '\0',57,1,'cLaiuNtLr813GtBIc8vYmO:APA91bE5-W8WwhiPchpoIV_DZj9e3IWkDPVo-47UrFw-kfjQpkvGkX7k51M95R-VEzcuUYrNYMz6IAkr2aODWlzHrXoUwg4cFBy4YmFi7IP6K4tBXwmmOCx4gZXGRWPr6Y13EUNycPPy'),(_binary '\0',58,1,'cLaiuNtLr813GtBIc8vYmO:APA91bFM9gX8ju3uKhrM5AwvXZlZDxPwxx2SgTmaoYsoiL3gy1CfVdrNjbAXP2Kn4T57uOlM9hbcN5nNUOQwHhfbUHbE8lF_Qfp1tj598RssS9d4Gh70tZbt0N5QIhDKYFByrizvS6uE'),(_binary '\0',59,3,'cRwMpE03Xu6eZ_DmJ8o9hz:APA91bGGEBuCcyHwvTliXFgX4NklnUlp1i8dxv2Nh93Y_z5EgUpP9s1nsCQiwO0AL0pDQo_4tfxllgW7Jh7pz9scZ5Ma3sxqngS8JiA5qSR0vHILBVXvR6BvyzJGARCmc6TK4nfUe-lR'),(_binary '\0',60,3,'de-dXVKZN41ZEN12Ddfxbz:APA91bG75oUo6qG-IrOSjptALoWTtk3YoA1ivq0tCKv9vFVb3FCaQOjWMcWs0532SdaPzoNAdkeQgwtF2vZQg357DLql9SsGRSvA5XDnUCxalL-NhQ5B17yWFDA--spTzQ3prPjnFZtF'),(_binary '\0',61,20,'dX2NW-Gzz9XgnlJCyOjURK:APA91bHFyIy74Yx7cHtoEDVdelZqv8uww1jvyS0sXIJjGJ0zBFr4OYTBF7qGm3iCre78kUYUTYG3trdoa3veHbbl8qFnu8OXpC5yvy1xq7xU-QZ7rKn3VXBXzFc2kbtdJACxlt9t9NsS'),(_binary '\0',65,45,'cPjSfFVY5PiHdJEoeGQRno:APA91bGYjHH8h2xuY-JlksRBI3SyQ2BBbsxAQarBby1FaEvW72HTbFT_gfT3y642AT6PIh34_TrcQN03IkwrFlajl7YOI9_85vBRyHeZn0EzZjPmaIYAY5TzRnODiEz1WizPoUrsg71R'),(_binary '\0',67,49,'eywWq4Ccuy9k7wCZWJQuT8:APA91bHqGMJWZIgR-PjzUbkoIYNILJy6b_vkYNpb4ESjjIa_YBhg5a1ig5F8OQrJfwwS9xjC-BPbxm0Tqxxm9bOlyJaz8n1YEpVfY3ORqsXgv6y_he1onFvj8-I-g-oGF0tUOUdtg1yA'),(_binary '\0',68,50,'fhiWEv_6QwdBDgY7RCOgL9:APA91bH54uF31VqIqWtmHU8XoGxR1_nkXjLLldHDUiUt4rljEQGcFZzZ4iUJ7N4HS6jtuJHr4x_ba-9fZmCZ-FsvqS38VaUpkd0lRlmtakkH0XVAzhr2w4GQLudf6YrKEg4TE7hDfoo1'),(_binary '\0',69,50,'fhiWEv_6QwdBDgY7RCOgL9:APA91bH54uF31VqIqWtmHU8XoGxR1_nkXjLLldHDUiUt4rljEQGcFZzZ4iUJ7N4HS6jtuJHr4x_ba-9fZmCZ-FsvqS38VaUpkd0lRlmtakkH0XVAzhr2w4GQLudf6YrKEg4TE7hDfoo1'),(_binary '\0',70,20,'ePrd5iLVa-Ls1LFHQ7J52q:APA91bGMjF8xrET4MdZhjEOzlJmoz-xYlXvWFa2q1750rzctnPGfFKPrZDxY0tOi_GD6c7vloYMeoK4eRSWMtxBpNLvVXWvLY1jvNxQlKT3UqtGK_84LHJWONeRTztAU80D6u_ysG6pG'),(_binary '\0',71,20,'ePrd5iLVa-Ls1LFHQ7J52q:APA91bECQbQuZm9ak6oyZZQPkEtCKCzBSkBhgmnwImUG0iS-C9jVtKt3KVKoaDDNsYzOPTgGLS7lbUpXzvIdKRv8qZABrDwDuKrzeGqfs8288Wpw64ozZuXlpYu0GU2s4mUD1ReK2nd8'),(_binary '\0',72,20,'fPK_9ORRX8hExb27uCcIJn:APA91bFN6MwYjpiqS_KaJf2cVNHLpgl1MMJCZUp2pL_YL-XK3ijOuHfqlzp33fldjDed_y8MPb33WivfkQ9Qz0hmtc2GkmlCx8kruzVjWTxHb0gOKE2CzWi6iHsTS7_-mWfVbfxxw33-'),(_binary '\0',73,20,'fPK_9ORRX8hExb27uCcIJn:APA91bFjynNceg8hYa53jWVtAkiNZ_3rkNYKURsiees1rX48pu1BZ8t5rLTuvIQ3VtvV2rdKdUtO-omwMwNNS0oxHOwcz0s7XDAbQAUi4HdHpV7yNWS7lURiHjsGOBZSe1npJcQp7H_1'),(_binary '\0',74,20,'fPK_9ORRX8hExb27uCcIJn:APA91bEvY1gMbbaGSemLB5mn-wFt_cXGyHmRs2kOVqPK3kL3-B8WCr4apeNIlIvdP_E4SDxtvHWL8p2HTexHd2ypK36l00rLfhwDf-NTATSAPdqjGS8OTxb6NdPnt3K0JuPmuLXqe3e2'),(_binary '\0',75,20,'fPK_9ORRX8hExb27uCcIJn:APA91bFqKJfUU2PDnOkt4_kG_Ov8ZcJQLl6xwuQaEwBHRe6S0P-_vYFhsF3AS_7VoJclQ3nD4QE-B15_qz--r3eVWW2JxxKc8Bpcx98wYcJdT3nIad2GTNDInuw9QRk9v-lwdWZ6zOK3'),(_binary '\0',76,6,'c447Z1llzFgEzEvEwa3dTw:APA91bHRCMKUvUrcBJq11z5tweCD8K-oNBW3lJk53J4w3zLW22WefC1SQNpDgg1W1jaOWOct4jFcEItjv-uU7D-gRGGipJImRpKzYpFNp6ytcv1DTSVP_3eK7tYwX9Oun7GzjwOD7P-N'),(_binary '\0',77,4,'dzfGt3b9lQfwGdb1hettZ6:APA91bEOLbqcKkK5T0pB7nUU-k1lvjFNbTnw4Z8WboD32kA3XOZiCcBI7xcf7ixtCp8XsRARkLsYSLvJdFQ01oBFgOA4nZbYvT0J3newnBXA5v6LcynxUXDcpRqK7Y3ouSTs6V9h1Tb3');
/*!40000 ALTER TABLE `fcm_notification` ENABLE KEYS */;
UNLOCK TABLES;

--
-- Table structure for table `icon`
--

DROP TABLE IF EXISTS `icon`;
/*!40101 SET @saved_cs_client     = @@character_set_client */;
/*!50503 SET character_set_client = utf8mb4 */;
CREATE TABLE `icon` (
  `id` int NOT NULL AUTO_INCREMENT,
  `icon_url` varchar(255) COLLATE utf8mb3_bin NOT NULL,
  `icon_grade` enum('COMMON','RARE','ADVANCED') COLLATE utf8mb3_bin NOT NULL,
  PRIMARY KEY (`id`)
) ENGINE=InnoDB AUTO_INCREMENT=68 DEFAULT CHARSET=utf8mb3 COLLATE=utf8mb3_bin;
/*!40101 SET character_set_client = @saved_cs_client */;

--
-- Dumping data for table `icon`
--

LOCK TABLES `icon` WRITE;
/*!40000 ALTER TABLE `icon` DISABLE KEYS */;
INSERT INTO `icon` VALUES (1,'https://whoru.s3.ap-northeast-2.amazonaws.com/icon/icon(8).png','ADVANCED'),(2,'https://whoru.s3.ap-northeast-2.amazonaws.com/icon/icon(9).png','ADVANCED'),(3,'https://whoru.s3.ap-northeast-2.amazonaws.com/icon/icon(10).png','ADVANCED'),(4,'https://whoru.s3.ap-northeast-2.amazonaws.com/icon/icon(1).png','RARE'),(5,'https://whoru.s3.ap-northeast-2.amazonaws.com/icon/icon(2).png','RARE'),(6,'https://whoru.s3.ap-northeast-2.amazonaws.com/icon/icon(3).png','RARE'),(7,'https://whoru.s3.ap-northeast-2.amazonaws.com/icon/icon(4).png','RARE'),(8,'https://whoru.s3.ap-northeast-2.amazonaws.com/icon/icon(5).png','RARE'),(9,'https://whoru.s3.ap-northeast-2.amazonaws.com/icon/icon(6).png','RARE'),(10,'https://whoru.s3.ap-northeast-2.amazonaws.com/icon/icon(7).png','RARE'),(11,'https://whoru.s3.ap-northeast-2.amazonaws.com/icon/icon(13).png','COMMON'),(12,'https://whoru.s3.ap-northeast-2.amazonaws.com/icon/icon(14).png','COMMON'),(13,'https://whoru.s3.ap-northeast-2.amazonaws.com/icon/icon(15).png','COMMON'),(14,'https://whoru.s3.ap-northeast-2.amazonaws.com/icon/icon(16).png','COMMON'),(15,'https://whoru.s3.ap-northeast-2.amazonaws.com/icon/icon(17).png','COMMON'),(16,'https://whoru.s3.ap-northeast-2.amazonaws.com/icon/icon(18).png','COMMON'),(17,'https://whoru.s3.ap-northeast-2.amazonaws.com/icon/icon(19).png','COMMON'),(18,'https://whoru.s3.ap-northeast-2.amazonaws.com/icon/icon(20).png','COMMON'),(19,'https://whoru.s3.ap-northeast-2.amazonaws.com/icon/icon(21).png','COMMON'),(20,'https://whoru.s3.ap-northeast-2.amazonaws.com/icon/icon(22).png','COMMON'),(21,'https://whoru.s3.ap-northeast-2.amazonaws.com/icon/icon(23).png','COMMON'),(22,'https://whoru.s3.ap-northeast-2.amazonaws.com/icon/icon(24).png','COMMON'),(23,'https://whoru.s3.ap-northeast-2.amazonaws.com/icon/icon(25).png','COMMON'),(24,'https://whoru.s3.ap-northeast-2.amazonaws.com/icon/icon(26).png','COMMON'),(25,'https://whoru.s3.ap-northeast-2.amazonaws.com/icon/icon(27).png','COMMON'),(26,'https://whoru.s3.ap-northeast-2.amazonaws.com/icon/icon(28).png','COMMON'),(27,'https://whoru.s3.ap-northeast-2.amazonaws.com/icon/icon(29).png','COMMON'),(28,'https://whoru.s3.ap-northeast-2.amazonaws.com/icon/icon(30).png','COMMON'),(29,'https://whoru.s3.ap-northeast-2.amazonaws.com/icon/icon(31).png','COMMON'),(30,'https://whoru.s3.ap-northeast-2.amazonaws.com/icon/icon(32).png','COMMON'),(31,'https://whoru.s3.ap-northeast-2.amazonaws.com/icon/icon(33).png','COMMON'),(32,'https://whoru.s3.ap-northeast-2.amazonaws.com/icon/icon(34).png','COMMON'),(33,'https://whoru.s3.ap-northeast-2.amazonaws.com/icon/icon(35).png','COMMON'),(34,'https://whoru.s3.ap-northeast-2.amazonaws.com/icon/icon(36).png','COMMON'),(35,'https://whoru.s3.ap-northeast-2.amazonaws.com/icon/icon(37).png','COMMON'),(36,'https://whoru.s3.ap-northeast-2.amazonaws.com/icon/icon(38).png','COMMON'),(37,'https://whoru.s3.ap-northeast-2.amazonaws.com/icon/icon(39).png','COMMON'),(38,'https://whoru.s3.ap-northeast-2.amazonaws.com/icon/icon(40).png','COMMON'),(39,'https://whoru.s3.ap-northeast-2.amazonaws.com/icon/icon(12).gif','ADVANCED'),(40,'https://whoru.s3.ap-northeast-2.amazonaws.com/icon/icon(11).gif','ADVANCED');
/*!40000 ALTER TABLE `icon` ENABLE KEYS */;
UNLOCK TABLES;

--
-- Table structure for table `member`
--

DROP TABLE IF EXISTS `member`;
/*!40101 SET @saved_cs_client     = @@character_set_client */;
/*!50503 SET character_set_client = utf8mb4 */;
CREATE TABLE `member` (
  `box_count` int DEFAULT NULL,
  `icon_id` int DEFAULT NULL,
  `is_enabled` bit(1) NOT NULL,
  `report_count` int NOT NULL,
  `create_date` datetime(6) NOT NULL,
  `id` bigint NOT NULL AUTO_INCREMENT,
  `member_identifier` varchar(255) COLLATE utf8mb3_bin DEFAULT NULL,
  `refresh_token` varchar(255) COLLATE utf8mb3_bin DEFAULT NULL,
  `role` varchar(255) COLLATE utf8mb3_bin DEFAULT NULL,
  `user_name` varchar(255) COLLATE utf8mb3_bin DEFAULT NULL,
  `language_type` enum('KOREAN','ENGLISH') COLLATE utf8mb3_bin DEFAULT NULL,
  `provider` enum('kakao','naver','google') COLLATE utf8mb3_bin DEFAULT NULL,
  PRIMARY KEY (`id`),
  KEY `FKtabwgu3rqym8cby4l3tsda312` (`icon_id`),
  CONSTRAINT `FKtabwgu3rqym8cby4l3tsda312` FOREIGN KEY (`icon_id`) REFERENCES `icon` (`id`)
) ENGINE=InnoDB AUTO_INCREMENT=55 DEFAULT CHARSET=utf8mb3 COLLATE=utf8mb3_bin;
/*!40101 SET character_set_client = @saved_cs_client */;

--
-- Dumping data for table `member`
--

LOCK TABLES `member` WRITE;
/*!40000 ALTER TABLE `member` DISABLE KEYS */;
INSERT INTO `member` VALUES (0,17,_binary '\0',1,'2024-05-14 18:01:29.000000',1,NULL,NULL,'ROLE_ADMIN','관리자',NULL,NULL),(0,34,_binary '',1,'2024-05-14 18:02:58.663286',2,'kakao 3460288281',NULL,'ROLE_USER','정현',NULL,'kakao'),(0,1,_binary '',3,'2024-05-14 18:12:12.142383',3,'kakao 3456561755',NULL,'ROLE_USER','정민호',NULL,'kakao'),(0,25,_binary '',0,'2024-05-14 18:19:56.950727',4,'kakao 3464477189',NULL,'ROLE_USER','오승현',NULL,'kakao'),(0,2,_binary '',0,'2024-05-14 18:20:07.151960',5,'kakao 3481785257',NULL,'ROLE_USER','김의중',NULL,'kakao'),(0,21,_binary '',3,'2024-05-14 18:26:44.456807',6,'kakao 3464807679',NULL,'ROLE_USER','강정수',NULL,'kakao'),(1,NULL,_binary '',0,'2024-05-14 18:43:28.882941',7,'kakao 3481816199',NULL,'ROLE_USER','이희웅',NULL,'kakao'),(1,NULL,_binary '',0,'2024-05-14 19:04:25.949861',8,'kakao 3481843701',NULL,'ROLE_USER','장승호',NULL,'kakao'),(0,NULL,_binary '',0,'2024-05-14 19:07:55.046301',9,'kakao 3481848269',NULL,'ROLE_USER','지  훈',NULL,'kakao'),(0,NULL,_binary '',0,'2024-05-14 19:11:22.490236',10,'kakao 3481852746',NULL,'ROLE_USER','조인제',NULL,'kakao'),(0,19,_binary '',1,'2024-05-14 19:11:46.699797',11,'kakao 3464183183',NULL,'ROLE_USER','류태수',NULL,'kakao'),(0,3,_binary '',1,'2024-05-14 19:19:14.634579',12,'kakao 3481862781',NULL,'ROLE_USER','이상수',NULL,'kakao'),(1,NULL,_binary '',1,'2024-05-14 19:20:46.602543',13,'kakao 3481864710',NULL,'ROLE_USER','성민',NULL,'kakao'),(1,NULL,_binary '',1,'2024-05-14 19:24:45.586001',14,'kakao 3481869906',NULL,'ROLE_USER','유선덕',NULL,'kakao'),(1,NULL,_binary '',0,'2024-05-14 19:54:12.941536',15,'kakao 3481907216',NULL,'ROLE_USER','조인화',NULL,'kakao'),(0,20,_binary '',0,'2024-05-14 19:54:22.663964',16,'kakao 3481907429',NULL,'ROLE_USER','정민',NULL,'kakao'),(0,10,_binary '',1,'2024-05-14 20:14:04.518026',17,'kakao 3481932615',NULL,'ROLE_USER','설연',NULL,'kakao'),(1,NULL,_binary '',0,'2024-05-14 20:35:18.004171',18,'kakao 3481959608',NULL,'ROLE_USER','정연우',NULL,'kakao'),(0,38,_binary '',0,'2024-05-14 21:12:02.620916',19,'kakao 3482007054',NULL,'ROLE_USER','편수지',NULL,'kakao'),(0,NULL,_binary '',2,'2024-05-14 21:26:42.405041',20,'kakao 3460437284',NULL,'ROLE_USER','김회창',NULL,'kakao'),(1,14,_binary '',0,'2024-05-14 22:18:24.282636',21,'kakao 3482092431',NULL,'ROLE_USER','준엽',NULL,'kakao'),(0,11,_binary '',1,'2024-05-15 12:48:45.868093',22,'kakao 3482730209',NULL,'ROLE_USER','준희',NULL,'kakao'),(3,NULL,_binary '',0,'2024-05-15 15:53:16.098423',23,'kakao 3483004077',NULL,'ROLE_USER','최창호',NULL,'kakao'),(2,24,_binary '',0,'2024-05-15 19:20:01.426779',24,'kakao 3483310842',NULL,'ROLE_USER','은아',NULL,'kakao'),(2,NULL,_binary '',1,'2024-05-15 19:21:36.049652',25,'kakao 3483313096',NULL,'ROLE_USER','전찬혁',NULL,'kakao'),(0,7,_binary '',2,'2024-05-15 19:21:57.602376',26,'kakao 3483313641',NULL,'ROLE_USER','이수화',NULL,'kakao'),(2,19,_binary '',0,'2024-05-15 23:32:56.921014',27,'kakao 3483668248',NULL,'ROLE_USER','유형민',NULL,'kakao'),(0,NULL,_binary '',0,'2024-05-16 09:20:13.643419',28,'kakao 3483950998',NULL,'ROLE_USER','김예지',NULL,'kakao'),(0,20,_binary '',0,'2024-05-16 09:20:20.323176',29,'kakao 3483951132',NULL,'ROLE_USER','재성',NULL,'kakao'),(0,NULL,_binary '',0,'2024-05-16 10:50:36.638254',30,'google 116388816017929229632',NULL,'ROLE_USER','정민호(allmin9702)',NULL,'google'),(0,NULL,_binary '',0,'2024-05-16 13:54:49.317711',31,'kakao 3484326364',NULL,'ROLE_USER','배성연',NULL,'kakao'),(0,NULL,_binary '',0,'2024-05-16 14:07:23.284410',32,'kakao 3484344622',NULL,'ROLE_USER','태범',NULL,'kakao'),(0,20,_binary '',0,'2024-05-16 15:18:19.537824',33,'kakao 3484447857',NULL,'ROLE_USER','희진',NULL,'kakao'),(1,16,_binary '',0,'2024-05-16 15:21:08.194157',34,'kakao 3484452028',NULL,'ROLE_USER','김은하',NULL,'kakao'),(0,18,_binary '',0,'2024-05-16 17:15:39.451894',35,'kakao 3480353631',NULL,'ROLE_USER','윤희원',NULL,'kakao'),(0,NULL,_binary '',0,'2024-05-17 08:57:29.792774',36,'kakao 3485397735',NULL,'ROLE_USER','김싸피',NULL,'kakao'),(1,15,_binary '',0,'2024-05-17 10:25:04.173451',37,'kakao 3485505179',NULL,'ROLE_USER','훈지박',NULL,'kakao'),(0,NULL,_binary '',0,'2024-05-17 17:23:32.873265',38,'kakao 3486097074',NULL,'ROLE_USER','전원빈',NULL,'kakao'),(0,NULL,_binary '',0,'2024-05-18 17:05:59.613683',39,'kakao 3487454807',NULL,'ROLE_USER','Jiyeon',NULL,'kakao'),(0,NULL,_binary '',0,'2024-05-18 21:00:03.574544',40,'kakao 3487755248',NULL,'ROLE_USER','조현우',NULL,'kakao'),(0,7,_binary '',0,'2024-05-19 15:08:02.838121',41,'kakao 3488623073',NULL,'ROLE_USER','이해진',NULL,'kakao'),(0,NULL,_binary '',0,'2024-05-19 15:09:04.291118',42,'kakao 3488624518',NULL,'ROLE_USER','황찬준',NULL,'kakao'),(0,NULL,_binary '',0,'2024-05-19 17:49:23.420108',43,'kakao 3488853397',NULL,'ROLE_USER','한재현',NULL,'kakao'),(0,NULL,_binary '',0,'2024-05-19 18:27:16.179315',44,'kakao 3488906443',NULL,'ROLE_USER','수환',NULL,'kakao'),(0,NULL,_binary '',0,'2024-05-19 18:29:14.255416',45,'kakao 3488909120',NULL,'ROLE_USER','손동천',NULL,'kakao'),(0,NULL,_binary '',2,'2024-05-19 18:36:32.388029',46,'kakao 3488918965',NULL,'ROLE_USER','양건우',NULL,'kakao'),(0,NULL,_binary '',0,'2024-05-19 18:40:06.266453',47,'google 107280915300627517754',NULL,'ROLE_USER','손동천',NULL,'google'),(0,NULL,_binary '',0,'2024-05-19 18:46:22.621125',48,'google 107383963991015228616',NULL,'ROLE_USER','강정수 (10기_구미1반_강정수)',NULL,'google'),(0,NULL,_binary '',0,'2024-05-19 19:05:56.889977',49,'google 115546539934010573206',NULL,'ROLE_USER','Seunghyeon',NULL,'google'),(0,NULL,_binary '',0,'2024-05-19 19:19:04.508077',50,'google 111100050103012187372',NULL,'ROLE_USER','장세정 (구미_2반_장세정)',NULL,'google'),(0,NULL,_binary '',0,'2024-05-20 01:12:49.495996',51,'kakao 3489388899',NULL,'ROLE_USER','자영',NULL,'kakao'),(0,NULL,_binary '',0,'2024-05-20 09:14:47.545309',52,'kakao 3489578311',NULL,'ROLE_USER','손주현',NULL,'kakao'),(0,NULL,_binary '',0,'2024-05-20 09:23:50.964419',53,'kakao 3489588242',NULL,'ROLE_USER','양희태',NULL,'kakao'),(0,NULL,_binary '',0,'2024-05-20 09:51:19.228205',54,'kakao 3489620449',NULL,'ROLE_USER','귀현',NULL,'kakao');
/*!40000 ALTER TABLE `member` ENABLE KEYS */;
UNLOCK TABLES;

--
-- Table structure for table `member_icon`
--

DROP TABLE IF EXISTS `member_icon`;
/*!40101 SET @saved_cs_client     = @@character_set_client */;
/*!50503 SET character_set_client = utf8mb4 */;
CREATE TABLE `member_icon` (
  `icon_id` int DEFAULT NULL,
  `id` bigint NOT NULL AUTO_INCREMENT,
  `member_id` bigint DEFAULT NULL,
  PRIMARY KEY (`id`),
  KEY `FK1vhxyiwaxop5toeo529d66b5c` (`icon_id`),
  KEY `FK6b067lygnk2avs3yxd1ae7s8n` (`member_id`),
  CONSTRAINT `FK1vhxyiwaxop5toeo529d66b5c` FOREIGN KEY (`icon_id`) REFERENCES `icon` (`id`),
  CONSTRAINT `FK6b067lygnk2avs3yxd1ae7s8n` FOREIGN KEY (`member_id`) REFERENCES `member` (`id`)
) ENGINE=InnoDB AUTO_INCREMENT=87 DEFAULT CHARSET=utf8mb3 COLLATE=utf8mb3_bin;
/*!40101 SET character_set_client = @saved_cs_client */;

--
-- Dumping data for table `member_icon`
--

LOCK TABLES `member_icon` WRITE;
/*!40000 ALTER TABLE `member_icon` DISABLE KEYS */;
INSERT INTO `member_icon` VALUES (25,1,4),(2,2,5),(21,3,6),(15,4,2),(22,5,2),(26,6,16),(7,7,16),(3,8,12),(18,9,12),(19,10,12),(23,11,17),(15,12,17),(14,13,17),(25,14,19),(15,15,19),(18,16,19),(15,17,21),(17,18,21),(19,19,21),(20,20,16),(13,21,16),(19,22,4),(25,23,22),(21,24,2),(20,25,2),(17,26,2),(19,27,19),(21,28,19),(24,29,24),(7,30,26),(27,31,26),(8,32,26),(23,33,21),(14,34,21),(12,35,21),(19,36,27),(20,37,11),(26,38,11),(19,39,11),(18,40,11),(20,41,29),(16,42,29),(12,43,29),(22,44,17),(25,45,17),(20,46,1),(17,47,1),(15,48,1),(11,49,22),(26,50,31),(15,51,32),(24,52,32),(26,53,32),(9,54,16),(17,55,33),(20,56,33),(16,57,34),(18,58,35),(14,59,35),(20,60,3),(27,61,3),(15,62,37),(10,63,17),(38,64,19),(26,65,19),(7,66,41),(11,67,2),(16,68,2),(23,69,2),(29,70,2),(34,71,2),(6,72,6),(14,73,6),(22,74,6),(35,75,6),(23,76,6),(13,77,6),(6,78,2),(35,79,3),(8,80,3),(34,81,6),(30,82,6),(26,83,3),(26,84,6),(1,85,3),(9,86,3);
/*!40000 ALTER TABLE `member_icon` ENABLE KEYS */;
UNLOCK TABLES;

--
-- Table structure for table `message`
--

DROP TABLE IF EXISTS `message`;
/*!40101 SET @saved_cs_client     = @@character_set_client */;
/*!50503 SET character_set_client = utf8mb4 */;
CREATE TABLE `message` (
  `is_reported` tinyint DEFAULT NULL,
  `is_response` tinyint DEFAULT NULL,
  `read_status` bit(1) DEFAULT NULL,
  `response_status` tinyint DEFAULT NULL,
  `create_date` datetime(6) DEFAULT NULL,
  `id` bigint NOT NULL AUTO_INCREMENT,
  `parent_id` bigint DEFAULT NULL,
  `read_date` datetime(6) DEFAULT NULL,
  `receiver_id` bigint DEFAULT NULL,
  `sender_id` bigint DEFAULT NULL,
  `content` varchar(255) COLLATE utf8mb3_bin DEFAULT NULL,
  `content_type` enum('text','image','voice') COLLATE utf8mb3_bin DEFAULT NULL,
  PRIMARY KEY (`id`),
  KEY `FKa96vgghufdwq6lvwgkhe8nl79` (`parent_id`),
  KEY `FK3278rrjnqnqc6vwm8l4v2xydc` (`receiver_id`),
  KEY `FKt23a3aa8rhuah50164n3syecy` (`sender_id`),
  CONSTRAINT `FK3278rrjnqnqc6vwm8l4v2xydc` FOREIGN KEY (`receiver_id`) REFERENCES `member` (`id`),
  CONSTRAINT `FKa96vgghufdwq6lvwgkhe8nl79` FOREIGN KEY (`parent_id`) REFERENCES `message` (`id`),
  CONSTRAINT `FKt23a3aa8rhuah50164n3syecy` FOREIGN KEY (`sender_id`) REFERENCES `member` (`id`)
) ENGINE=InnoDB AUTO_INCREMENT=311 DEFAULT CHARSET=utf8mb3 COLLATE=utf8mb3_bin;
/*!40101 SET character_set_client = @saved_cs_client */;

--
-- Dumping data for table `message`
--

LOCK TABLES `message` WRITE;
/*!40000 ALTER TABLE `message` DISABLE KEYS */;
INSERT INTO `message` VALUES (0,0,_binary '',0,'2024-05-14 18:20:40.665007',1,NULL,'2024-05-20 02:29:09.010846',2,5,'ㅇㅅㅇ','text'),(0,0,_binary '',1,'2024-05-14 18:20:42.747344',2,NULL,'2024-05-20 10:49:00.207734',3,4,'https://whoru.s3.ap-northeast-2.amazonaws.com/message/img/1715678442259cb2a07cd-9910-4f28-b335-29f224bb38781000003135.jpg','image'),(0,0,_binary '',0,'2024-05-14 18:27:07.681284',3,NULL,'2024-05-20 02:29:09.010845',2,6,'https://whoru.s3.ap-northeast-2.amazonaws.com/message/img/1715678827564bf19fffe-485f-4e32-bdad-aea45c3766adIMG_1691.jpeg','image'),(0,0,_binary '',1,'2024-05-14 18:41:34.456693',4,NULL,'2024-05-20 10:49:00.207733',3,2,'https://whoru.s3.ap-northeast-2.amazonaws.com/message/img/171567969436890724754-703d-42c5-84fa-175bfb0e0e80image.png','image'),(0,0,_binary '',1,'2024-05-14 18:41:51.522482',5,NULL,'2024-05-20 10:49:00.207732',3,2,'https://whoru.s3.ap-northeast-2.amazonaws.com/message/img/17156797114493496bb80-3c7f-45c9-bb33-23a092bddd11다운로드.jpg','image'),(0,0,_binary '',1,'2024-05-14 18:43:53.168285',6,NULL,'2024-05-20 02:29:09.010843',2,7,'안녕하세요!!','text'),(0,1,_binary '\0',NULL,'2024-05-14 18:44:19.019249',7,6,NULL,7,2,'반가워요 ㅎㅎㅎ :)','text'),(0,0,_binary '',0,'2024-05-14 19:04:40.127216',8,NULL,'2024-05-20 02:29:09.010842',2,8,'dd','text'),(0,1,_binary '',NULL,'2024-05-14 19:11:44.004121',9,2,'2024-05-20 10:49:07.036793',4,3,'옹 맛있어보이는커핍니당','text'),(0,1,_binary '',NULL,'2024-05-14 19:11:51.156280',10,5,'2024-05-20 02:29:09.010841',2,3,'ㅋㅋㅋㅋㅋ????????ㅋㅋㅋㅋㅋㅋㅋ','text'),(0,1,_binary '',NULL,'2024-05-14 19:12:00.830360',11,4,'2024-05-20 02:29:09.010840',2,3,'이건딱봐도 개발자다','text'),(0,0,_binary '\0',0,'2024-05-14 19:12:52.600877',12,NULL,NULL,9,11,'https://whoru.s3.ap-northeast-2.amazonaws.com/message/img/171568157251755937efc-8427-4ed9-8c3a-84962657039aIMG_8260.png','image'),(0,0,_binary '',0,'2024-05-14 19:12:56.683426',13,NULL,'2024-05-20 10:49:07.036792',4,3,'안뇽하세연 오늘 퇴근하고 머하세연','text'),(0,0,_binary '\0',0,'2024-05-14 19:13:06.612913',14,NULL,NULL,10,11,'하이','text'),(0,0,_binary '',1,'2024-05-14 19:13:28.987141',15,NULL,'2024-05-20 10:49:00.207731',3,11,'https://whoru.s3.ap-northeast-2.amazonaws.com/message/img/17156816086912a4d547c-9a2c-40ed-86aa-d14f21471650IMG_8265.jpeg','image'),(0,0,_binary '',0,'2024-05-14 19:15:01.478202',16,NULL,'2024-05-20 02:30:00.428730',6,11,'https://whoru.s3.ap-northeast-2.amazonaws.com/message/img/17156817013633dc2bdd3-a9af-4f4a-9e6e-422855eb4a76IMG_8264.jpeg','image'),(0,0,_binary '\0',0,'2024-05-14 19:15:43.498850',17,NULL,NULL,8,11,'ㅎㅇㅎㅇㅎㅇ','text'),(0,0,_binary '\0',0,'2024-05-14 19:19:38.944242',18,NULL,NULL,7,12,'어디사노?','text'),(0,0,_binary '\0',0,'2024-05-14 19:19:44.825658',19,NULL,NULL,10,2,'zzzzzzzz','text'),(0,0,_binary '',0,'2024-05-14 19:19:47.792373',20,NULL,'2024-05-20 10:49:07.036791',4,2,'dfdfdfdf','text'),(0,0,_binary '',0,'2024-05-14 19:19:59.944785',21,NULL,'2024-05-20 10:49:07.036790',4,2,'저기요 ㅋㅋ;; 메시지좀 받아봐요.. 아무나.. 답장좀..','text'),(0,0,_binary '',0,'2024-05-14 19:20:40.906158',22,NULL,'2024-05-20 10:49:07.036789',4,12,'https://whoru.s3.ap-northeast-2.amazonaws.com/message/img/171568204074234eb8ef6-ba60-4c4c-ad05-3962164834a7leo_visions-BMP7fK-BL8k-unsplash.jpg','image'),(0,0,_binary '',0,'2024-05-14 19:20:53.732966',23,NULL,'2024-05-20 02:30:00.428729',6,12,'https://whoru.s3.ap-northeast-2.amazonaws.com/message/img/1715682053616cc417749-be3b-4514-b2bb-e2446bafa789valeria-reverdo-jysqCWSTqHE-unsplash.jpg','image'),(0,0,_binary '',0,'2024-05-14 19:21:03.164061',24,NULL,'2024-05-20 10:12:00.396619',6,12,'https://whoru.s3.ap-northeast-2.amazonaws.com/message/img/1715682063031e487ea46-7569-4abb-8743-b2af786c8766ilnur-kalimullin-A61yO06GCls-unsplash.jpg','image'),(0,0,_binary '\0',0,'2024-05-14 19:21:04.387542',25,NULL,NULL,8,12,'https://whoru.s3.ap-northeast-2.amazonaws.com/message/img/17156820642576f57e189-e7da-424c-8770-2b6c8e3a0135ilnur-kalimullin-A61yO06GCls-unsplash.jpg','image'),(0,0,_binary '\0',0,'2024-05-14 19:21:16.820718',26,NULL,NULL,5,12,'https://whoru.s3.ap-northeast-2.amazonaws.com/message/img/171568207672341ab0b4e-ccd9-45f9-ba77-01e43b342949toxic-smoker-nawVO4Yp2_w-unsplash.jpg','image'),(1,0,_binary '',1,'2024-05-14 19:21:19.878419',27,NULL,'2024-05-14 19:40:33.398708',2,13,'익명 진짜 되나요','text'),(0,1,_binary '',NULL,'2024-05-14 19:21:35.758634',28,27,'2024-05-14 19:23:32.152757',13,2,'익명이죠 그럼','text'),(0,0,_binary '',0,'2024-05-14 19:22:13.112374',29,NULL,'2024-05-14 19:23:32.152753',13,2,'https://whoru.s3.ap-northeast-2.amazonaws.com/message/img/1715682132994d7e087d5-4464-430d-85e9-24f719c5a4aa배경화면.jpg','image'),(0,0,_binary '\0',0,'2024-05-14 19:25:20.231130',30,NULL,NULL,13,3,'ㅎㅇㄹ ㅂㄱㅂㄱ','text'),(1,1,_binary '',NULL,'2024-05-14 19:25:33.638177',31,15,'2024-05-16 00:11:30.374022',11,3,'ㅋㅋㅋㅋ봤던사진이고','text'),(1,0,_binary '',1,'2024-05-14 19:25:58.900827',32,NULL,'2024-05-14 19:38:42.674164',12,14,'안녕하세요\n','text'),(0,0,_binary '',0,'2024-05-14 19:32:05.338627',33,NULL,'2024-05-20 10:49:07.036788',4,2,'근데 싸피생들은 진짜 공부 안하다가 엉겁결에 온 느낌이 강하긴하네요.','text'),(1,0,_binary '',0,'2024-05-14 19:32:21.987971',34,NULL,'2024-05-16 00:11:46.558830',11,3,'오저뭐','text'),(0,1,_binary '\0',NULL,'2024-05-14 19:36:01.113819',35,32,NULL,14,12,'누구세요','text'),(0,0,_binary '\0',0,'2024-05-14 19:36:12.348053',36,NULL,NULL,10,12,'https://whoru.s3.ap-northeast-2.amazonaws.com/message/img/1715682972270b2fa2cf8-5c37-4bd2-80d3-1503e455a898leo_visions-BMP7fK-BL8k-unsplash.jpg','image'),(1,0,_binary '',0,'2024-05-14 19:36:12.694865',37,NULL,'2024-05-16 00:13:52.161137',11,12,'https://whoru.s3.ap-northeast-2.amazonaws.com/message/img/171568297260808103d68-c859-4cf4-95b4-0da9dcfe355dleo_visions-BMP7fK-BL8k-unsplash.jpg','image'),(0,0,_binary '\0',0,'2024-05-14 19:36:24.338001',38,NULL,NULL,10,12,'https://whoru.s3.ap-northeast-2.amazonaws.com/message/img/171568298422074dd7b33-14c4-4432-b537-998d3c701395ilnur-kalimullin-A61yO06GCls-unsplash.jpg','image'),(0,0,_binary '',1,'2024-05-14 19:36:24.476996',39,NULL,'2024-05-20 10:49:00.207730',3,12,'https://whoru.s3.ap-northeast-2.amazonaws.com/message/img/171568298439539f663f3-dd2e-40e7-a322-2780ffee86a2ilnur-kalimullin-A61yO06GCls-unsplash.jpg','image'),(0,0,_binary '\0',0,'2024-05-14 19:36:43.099447',40,NULL,NULL,9,12,'https://whoru.s3.ap-northeast-2.amazonaws.com/message/img/17156830030143554c821-2160-4605-9a86-241b72fc9536de-an-sun-nB7-Kb7qxss-unsplash.jpg','image'),(0,0,_binary '\0',0,'2024-05-14 19:37:17.392823',41,NULL,NULL,5,12,'https://whoru.s3.ap-northeast-2.amazonaws.com/message/img/17156830372780264bf64-4335-4448-8a10-286c237f004avaleria-reverdo-jysqCWSTqHE-unsplash.jpg','image'),(0,1,_binary '',NULL,'2024-05-14 19:41:32.796815',42,39,'2024-05-14 20:04:05.269466',12,3,'여긴어딥니까','text'),(0,0,_binary '\0',0,'2024-05-14 19:46:41.027970',43,NULL,NULL,7,2,'https://whoru.s3.ap-northeast-2.amazonaws.com/message/img/1715683600959d0d4e0c7-7e00-4eee-aba3-cf554aed342e배경화면.jpg','image'),(0,0,_binary '\0',0,'2024-05-14 19:46:55.343233',44,NULL,NULL,10,2,'https://whoru.s3.ap-northeast-2.amazonaws.com/message/img/1715683615279000d8bdc-314e-4318-bb7f-93f29d582fa3이분 그래프.png','image'),(0,0,_binary '\0',0,'2024-05-14 19:54:46.689119',45,NULL,NULL,10,16,'안녕하세요!','text'),(0,0,_binary '',0,'2024-05-14 19:54:56.266215',46,NULL,'2024-05-20 02:29:09.010839',2,15,'안녕하세요','text'),(0,0,_binary '\0',0,'2024-05-14 19:55:03.726878',47,NULL,NULL,5,16,'랜덤박스가 무엇인가요?','text'),(0,0,_binary '',1,'2024-05-14 19:58:31.584540',48,NULL,'2024-05-20 10:49:00.207729',3,16,'신기하네요! 위에 send는 무엇인가요?','text'),(0,0,_binary '\0',0,'2024-05-14 19:59:28.016486',49,NULL,NULL,7,12,'ㅇㄹㅇㄹㅇㄹㄹ','text'),(0,0,_binary '\0',0,'2024-05-14 19:59:45.664077',50,NULL,NULL,8,12,'ㅁㅇㄴㄻㄴㅁㅇㄴㄻㄴㅇㄻㄴㅇㄻㄴㅇㄻㅇㄹㄴㅁㅇㄻㄴㅇㄹㄴㅁㅇㄻㄴㅇㄻㄴㅇㄻㄴㅇㄻㄴㅇㄻㄴㅇㄹㄴㄻㅇㄹㄴㅁㅇㄹㄴㅁㅇㄹㄴㅁㅇㄹ','text'),(0,0,_binary '',0,'2024-05-14 20:01:40.269759',51,NULL,'2024-05-20 10:49:07.036787',4,12,'https://whoru.s3.ap-northeast-2.amazonaws.com/message/img/1715684500162879bc391-4c93-4848-a661-f34999e0a154adam-bixby-FqY08kvF0Ss-unsplash.jpg','image'),(0,0,_binary '\0',0,'2024-05-14 20:15:47.648142',52,NULL,NULL,12,17,'https://whoru.s3.ap-northeast-2.amazonaws.com/message/img/171568534755225427972-7ee5-4223-9d77-62676bd21f36사이다.jpg','image'),(0,0,_binary '',1,'2024-05-14 20:18:28.011883',53,NULL,'2024-05-20 02:29:09.010837',2,17,'와 이거 서비스 재밌네요','text'),(0,0,_binary '\0',0,'2024-05-14 20:18:39.363648',54,NULL,NULL,10,17,'화이팅 화이팅 기대합니다','text'),(0,0,_binary '',0,'2024-05-14 20:19:57.842365',55,NULL,'2024-05-19 15:22:10.904763',15,17,'뽑기 너무 재밌어요','text'),(0,0,_binary '\0',0,'2024-05-14 20:20:03.683167',56,NULL,NULL,12,17,'우오앙','text'),(0,0,_binary '',0,'2024-05-14 20:20:18.945851',57,NULL,'2024-05-20 10:46:25.915247',6,17,'오ㅙ안돼','text'),(0,0,_binary '',0,'2024-05-14 20:20:44.600307',58,NULL,'2024-05-20 00:33:33.388433',16,17,'저도 메세지 받을래요','text'),(1,1,_binary '',NULL,'2024-05-14 20:21:46.265956',59,53,'2024-05-14 20:22:41.956798',17,2,'https://whoru.s3.ap-northeast-2.amazonaws.com/message/img/1715685706182dae4c5d0-2307-4bb4-bb0a-5dffaf7e0f8a배경화면.jpg','image'),(0,0,_binary '\0',0,'2024-05-14 20:35:59.643119',60,NULL,NULL,9,18,'대전에 백의 신이 살아요','text'),(0,0,_binary '\0',0,'2024-05-14 21:53:56.243987',61,NULL,NULL,7,19,'하이루 방가방가','text'),(0,0,_binary '',0,'2024-05-14 21:55:59.625818',62,NULL,'2024-05-20 10:49:07.036786',4,19,'아무도 나를 모르고 돈이 많았으면 좋겠어요','text'),(0,0,_binary '',1,'2024-05-14 21:57:08.485250',63,NULL,'2024-05-20 10:49:07.036785',4,19,'내가 누군가를 좋아한다는 사실이 그 사람에게는 상처가 될 수도 있잖아요...','text'),(0,0,_binary '',1,'2024-05-14 21:57:58.952596',64,NULL,'2024-05-20 00:33:33.388432',16,19,'https://whoru.s3.ap-northeast-2.amazonaws.com/message/img/1715691478833f70069d8-57fa-41f6-b60f-23c4e731d1551000037954.jpg','image'),(0,0,_binary '',1,'2024-05-14 21:58:14.199243',65,NULL,'2024-05-20 00:33:33.388430',16,19,'https://whoru.s3.ap-northeast-2.amazonaws.com/message/img/17156914940957054050f-ffe3-4b5c-8c6d-46f2d57d531b1000037940.jpg','image'),(0,0,_binary '\0',0,'2024-05-14 21:58:25.702725',66,NULL,NULL,10,19,'https://whoru.s3.ap-northeast-2.amazonaws.com/message/img/1715691505569ae5301f5-26bc-4923-9db4-90ee7d6892871000037887.jpg','image'),(0,0,_binary '\0',0,'2024-05-14 21:58:57.022427',67,NULL,NULL,7,19,'케로케로케로케로\n타마타마타마타마\n도로도로도로도로','text'),(0,0,_binary '\0',0,'2024-05-14 22:18:57.033635',68,NULL,NULL,8,21,'반갑습니다','text'),(0,0,_binary '\0',0,'2024-05-14 22:19:19.828377',69,NULL,NULL,5,21,'https://whoru.s3.ap-northeast-2.amazonaws.com/message/img/1715692759655605c6eeb-a077-44ad-b19c-45325ae510b4레전드바지.PNG','image'),(0,0,_binary '\0',0,'2024-05-14 22:19:45.384429',70,NULL,NULL,13,21,'에바','text'),(0,0,_binary '\0',0,'2024-05-14 22:20:41.066883',71,NULL,NULL,12,21,'레전드 레전드 레전드','text'),(0,0,_binary '\0',0,'2024-05-14 22:21:26.562555',72,NULL,NULL,9,21,'https://whoru.s3.ap-northeast-2.amazonaws.com/message/img/171569288638708b26567-113c-4212-85aa-5b34e9d8dc11레전드바지.PNG','image'),(0,0,_binary '',0,'2024-05-14 22:23:35.094246',73,NULL,'2024-05-20 10:48:21.432149',6,21,'https://whoru.s3.ap-northeast-2.amazonaws.com/message/voice/1715693014939b632a050-a164-475e-8234-9a134de7726fblob','voice'),(0,0,_binary '',0,'2024-05-15 00:12:59.131901',74,NULL,'2024-05-20 10:50:28.276578',20,2,'https://whoru.s3.ap-northeast-2.amazonaws.com/message/img/1715699579031c8cc0cf4-cab6-440d-85a3-a31a2479de39image.jpg','image'),(0,0,_binary '',0,'2024-05-15 00:13:01.470443',75,NULL,'2024-05-20 01:37:39.049297',18,2,'https://whoru.s3.ap-northeast-2.amazonaws.com/message/img/171569958141181000704-da2a-4aa5-8c42-8eff0dca7cd1image.jpg','image'),(0,0,_binary '',1,'2024-05-15 00:14:01.914045',76,NULL,'2024-05-20 03:52:22.714840',19,2,'https://whoru.s3.ap-northeast-2.amazonaws.com/message/voice/1715699641718fec18c37-0cf9-4e36-b5fc-b84a6a6b0373blob','voice'),(0,1,_binary '',NULL,'2024-05-15 00:27:04.274381',77,65,'2024-05-20 03:52:22.714839',19,16,'너무너무너무 귀여워요!! 이계천 토끼 보고싶다','text'),(0,1,_binary '',NULL,'2024-05-15 00:27:44.948019',78,64,'2024-05-20 03:52:22.714837',19,16,'찬성합니다..!!!','text'),(0,0,_binary '',1,'2024-05-15 00:28:27.011516',79,NULL,'2024-05-20 03:52:22.714836',19,16,'메세지 입력하면 되나요?','text'),(0,0,_binary '',1,'2024-05-15 00:43:02.431475',80,NULL,'2024-05-16 11:22:21.475054',21,16,'지금은 12시 42분','text'),(0,0,_binary '\0',0,'2024-05-15 00:43:31.971279',81,NULL,NULL,12,4,'안녕하세요','text'),(0,1,_binary '',NULL,'2024-05-15 00:44:56.664190',82,63,'2024-05-20 03:52:22.714835',19,4,'https://whoru.s3.ap-northeast-2.amazonaws.com/message/img/171570149659439037e38-8f04-46e3-bd99-e11668df39a41000000138.jpg','image'),(0,0,_binary '',0,'2024-05-15 12:49:02.016812',83,NULL,'2024-05-20 10:50:28.276577',20,22,'ㅎㅇ','text'),(0,0,_binary '\0',0,'2024-05-15 15:53:28.875785',84,NULL,NULL,5,23,'너무 예뻐요','text'),(0,0,_binary '',1,'2024-05-15 15:53:55.152796',85,NULL,'2024-05-19 16:15:04.589187',22,23,'예쁩니다','text'),(0,0,_binary '\0',0,'2024-05-15 15:57:41.267925',86,NULL,NULL,14,23,'ㅎㅇ','text'),(0,0,_binary '',1,'2024-05-15 15:57:46.640986',87,NULL,'2024-05-20 02:29:09.010836',2,23,'ㅎㅇ','text'),(0,1,_binary '\0',NULL,'2024-05-15 16:37:07.391153',88,87,NULL,23,2,'https://whoru.s3.ap-northeast-2.amazonaws.com/message/img/17157586273030c7f0fa2-e7d9-4989-8959-83e8e170ba59배경화면.jpg','image'),(0,1,_binary '',NULL,'2024-05-15 18:37:04.779215',89,79,'2024-05-20 00:33:33.388429',16,19,'우왕 메세지 첨 받아봄 신기방기','text'),(0,1,_binary '',NULL,'2024-05-15 18:37:29.715484',90,76,'2024-05-20 02:29:09.010835',2,19,'오늘은 휴일... 내일도 휴일이었으면 좋겠다...','text'),(0,0,_binary '',1,'2024-05-15 18:38:02.711867',91,NULL,'2024-05-19 16:15:04.589186',22,19,'https://whoru.s3.ap-northeast-2.amazonaws.com/message/img/1715765882600a0ae4d56-cede-4986-869a-ea8c31cbcbd91000037960.jpg','image'),(1,0,_binary '',0,'2024-05-15 18:38:38.183326',92,NULL,'2024-05-16 10:50:08.065963',17,19,'https://whoru.s3.ap-northeast-2.amazonaws.com/message/img/17157659180511bb00d59-2682-409d-8eb3-2bc46ae541e11000037960.jpg','image'),(0,0,_binary '\0',0,'2024-05-15 18:39:14.078422',93,NULL,NULL,13,19,'https://whoru.s3.ap-northeast-2.amazonaws.com/message/img/1715765953997ece6fa08-b959-4717-a477-a287bae50b1d1000037960.jpg','image'),(0,0,_binary '\0',0,'2024-05-15 18:39:43.408197',94,NULL,NULL,23,19,'https://whoru.s3.ap-northeast-2.amazonaws.com/message/img/17157659833411708dfb4-77e7-404e-8f08-17ad03aab1a61000037954.jpg','image'),(0,0,_binary '\0',0,'2024-05-15 18:49:24.685348',95,NULL,NULL,12,19,'https://whoru.s3.ap-northeast-2.amazonaws.com/message/img/171576656460168b54cd6-cb2b-4d43-9e39-f4a8a1abd0fb1000037668.png','image'),(0,1,_binary '',NULL,'2024-05-15 18:55:15.819776',96,48,'2024-05-20 00:33:33.388427',16,3,'Send가뭔가요..?','text'),(0,0,_binary '',1,'2024-05-15 19:20:13.226609',97,NULL,'2024-05-20 10:49:00.207729',3,24,'안녕!','text'),(1,0,_binary '',1,'2024-05-15 19:22:06.525595',98,NULL,'2024-05-15 19:23:09.081426',25,26,'안녕?','text'),(0,0,_binary '',0,'2024-05-15 19:22:19.862188',99,NULL,'2024-05-20 10:50:28.276576',20,24,'안녕녕','text'),(1,0,_binary '',0,'2024-05-15 19:22:28.614161',100,NULL,'2024-05-16 00:18:23.316334',11,26,'ㅋㅋㅋ하잉','text'),(0,0,_binary '\0',0,'2024-05-15 19:22:36.260937',101,NULL,NULL,23,24,'https://whoru.s3.ap-northeast-2.amazonaws.com/message/img/17157685561846d14fbd7-9741-49e8-aec2-1fcde753bb3bScreenshot_20240512_221528_Instagram.jpg','image'),(1,1,_binary '',NULL,'2024-05-15 19:22:45.135406',102,98,'2024-05-15 19:22:56.534329',26,25,'ㅎㅇㄹ','text'),(0,0,_binary '\0',0,'2024-05-15 19:23:09.842997',103,NULL,NULL,13,24,'감사링딩동','text'),(0,0,_binary '\0',0,'2024-05-15 19:23:20.298009',104,NULL,NULL,23,24,'흠냐링딩동','text'),(0,0,_binary '',0,'2024-05-15 19:23:29.292392',105,NULL,'2024-05-20 10:49:05.581579',6,26,'https://whoru.s3.ap-northeast-2.amazonaws.com/message/img/1715768609161349e1033-d77e-46d8-86f3-5ac4c5628c9fIMG_4795.jpeg','image'),(0,0,_binary '\0',0,'2024-05-15 19:23:55.344181',106,NULL,NULL,14,25,'https://whoru.s3.ap-northeast-2.amazonaws.com/message/img/1715768635269fbd3b5d2-fe91-40b9-b7b7-b90ad89cf9471634282106932.png','image'),(0,0,_binary '',1,'2024-05-15 19:24:22.139584',107,NULL,'2024-05-20 02:29:09.010834',2,24,'랜덤 언제와','text'),(0,0,_binary '\0',0,'2024-05-15 19:24:44.782690',108,NULL,NULL,5,25,'https://whoru.s3.ap-northeast-2.amazonaws.com/message/img/1715768684657649bba07-5d93-407b-9e70-913a5ebe4a4120201024_141350.jpg','image'),(0,0,_binary '',1,'2024-05-15 21:19:22.891872',109,NULL,'2024-05-17 13:44:54.999748',25,6,'안녕하세요?','text'),(0,0,_binary '',1,'2024-05-15 21:19:30.752829',110,NULL,'2024-05-20 03:52:22.714834',19,6,'안녕하세요?','text'),(0,0,_binary '\0',0,'2024-05-15 21:19:37.031122',111,NULL,NULL,14,6,'안녕하세요?','text'),(0,0,_binary '\0',0,'2024-05-15 21:19:51.103717',112,NULL,NULL,23,6,'https://whoru.s3.ap-northeast-2.amazonaws.com/message/img/171577559098732bf34a1-8507-445f-89fd-c71147102b77IMG_1790.jpeg','image'),(1,0,_binary '',0,'2024-05-15 21:20:01.483193',113,NULL,'2024-05-16 00:18:29.564550',11,6,'https://whoru.s3.ap-northeast-2.amazonaws.com/message/img/171577560133973fec4a8-8f9e-424b-9569-e23a9589ccc4IMG_1790.jpeg','image'),(0,1,_binary '\0',NULL,'2024-05-15 21:20:15.734819',114,107,NULL,24,2,'https://whoru.s3.ap-northeast-2.amazonaws.com/message/img/17157756156052e58ed44-90bb-4690-8587-4a7e5af17444IMG_0865.jpeg','image'),(0,1,_binary '\0',NULL,'2024-05-15 21:20:29.187950',115,107,NULL,24,2,'https://whoru.s3.ap-northeast-2.amazonaws.com/message/img/1715775629060ad9f90eb-3b37-4e1b-aa1e-f0526d84202aIMG_0865.jpeg','image'),(0,1,_binary '\0',NULL,'2024-05-15 21:20:33.954553',116,107,NULL,24,2,'https://whoru.s3.ap-northeast-2.amazonaws.com/message/img/1715775633897715dc22b-4f5c-4054-9ab5-105a20d1e2caIMG_0865.jpeg','image'),(0,0,_binary '',0,'2024-05-15 21:20:53.224623',117,NULL,'2024-05-19 15:22:10.904761',15,6,'https://whoru.s3.ap-northeast-2.amazonaws.com/message/img/1715775653098777fd6dd-0ae2-4055-99dd-07b81808737fIMG_1692.png','image'),(0,1,_binary '',NULL,'2024-05-15 21:55:20.438169',118,80,'2024-05-20 00:33:33.388426',16,21,'반갑습니다','text'),(0,0,_binary '\0',0,'2024-05-15 21:55:48.642830',119,NULL,NULL,9,21,'유연한 남탓, 사고하지 않기','text'),(0,0,_binary '',1,'2024-05-15 21:56:05.324579',120,NULL,'2024-05-19 15:12:44.517346',17,21,'https://whoru.s3.ap-northeast-2.amazonaws.com/message/voice/1715777765189f3d69f62-9d41-434d-a18a-2cc21647dbebblob','voice'),(0,0,_binary '\0',0,'2024-05-15 21:56:22.454803',121,NULL,NULL,14,21,'반갑습니다 랄로입니다.','text'),(0,1,_binary '',NULL,'2024-05-15 22:30:38.565202',122,109,'2024-05-20 10:50:04.467763',6,25,'방가방가','text'),(0,1,_binary '',NULL,'2024-05-15 22:48:33.745043',123,110,'2024-05-20 11:07:24.170843',6,19,'안녕하쉐이 ㅋ','text'),(0,0,_binary '',1,'2024-05-15 23:33:09.333553',124,NULL,'2024-05-19 15:12:44.517345',17,27,'5252','text'),(0,0,_binary '\0',0,'2024-05-16 00:38:01.236175',125,NULL,NULL,23,11,'https://whoru.s3.ap-northeast-2.amazonaws.com/message/img/171578748110632b651c7-14d4-457c-bd10-07f0ec5fb77cmaskable_icon_x128.png','image'),(0,0,_binary '\0',0,'2024-05-16 00:49:10.424022',126,NULL,NULL,14,11,'https://whoru.s3.ap-northeast-2.amazonaws.com/message/img/1715788150352a5f8fe28-4b53-4289-8608-83b7605e98ae다운로드.jpeg','image'),(0,0,_binary '',0,'2024-05-16 00:49:22.398204',127,NULL,'2024-05-20 10:49:07.036784',4,11,'https://whoru.s3.ap-northeast-2.amazonaws.com/message/img/1715788162323618a7e13-9575-4ee2-a781-1885bdff5f2c다운로드.jpeg','image'),(0,0,_binary '\0',0,'2024-05-16 09:20:44.349083',128,NULL,NULL,12,11,'https://whoru.s3.ap-northeast-2.amazonaws.com/message/img/1715818844214c4ba7f41-9e90-4368-80a9-d589b55c9dd8171559020582588fd9e9f-9ff6-4f5c-9862-d46ff5231266image (5).png','image'),(0,0,_binary '\0',0,'2024-05-16 09:21:10.984347',129,NULL,NULL,26,11,'https://whoru.s3.ap-northeast-2.amazonaws.com/message/img/17158188708045b753812-72da-4cd2-ab9a-ddbe9b1bef6917155904835639116cb70-fb99-44c0-8b93-dc84c4c294611cb464d1707240c9079297b2425755b1.jpeg','image'),(0,0,_binary '',0,'2024-05-16 09:21:29.782041',130,NULL,'2024-05-16 09:22:37.732498',28,11,'하잉','text'),(0,0,_binary '',1,'2024-05-16 09:25:06.016080',131,NULL,'2024-05-20 10:49:00.207728',3,29,'구미에서 풋살할사람~~','text'),(0,0,_binary '\0',0,'2024-05-16 09:27:47.579514',132,NULL,NULL,28,29,'https://whoru.s3.ap-northeast-2.amazonaws.com/message/voice/1715819267400b195cd8b-80f3-4a9f-8bc3-ad7a076692f6blob','voice'),(0,0,_binary '',0,'2024-05-16 09:27:54.853068',133,NULL,'2024-05-20 01:37:39.049296',18,29,'하이요','text'),(0,0,_binary '\0',0,'2024-05-16 09:28:39.842378',134,NULL,NULL,5,29,'https://whoru.s3.ap-northeast-2.amazonaws.com/message/img/171581931972352c32f51-f782-4fb8-8967-362fc25a03f1베컴.jpg','image'),(0,0,_binary '\0',0,'2024-05-16 09:31:22.204702',135,NULL,NULL,26,29,'ㅎㅎ','text'),(0,0,_binary '',1,'2024-05-16 09:31:26.903751',136,NULL,'2024-05-20 03:52:22.714832',19,29,'ㅎㅎㅎㅎ','text'),(0,0,_binary '\0',0,'2024-05-16 10:22:29.238808',137,NULL,NULL,12,11,'https://whoru.s3.ap-northeast-2.amazonaws.com/message/voice/171582254914487020b87-16a8-484e-b226-b91416a3a7a2blob','voice'),(0,0,_binary '',1,'2024-05-16 10:22:32.588389',138,NULL,'2024-05-17 13:44:54.999747',25,11,'fadsdsa','text'),(0,0,_binary '\0',0,'2024-05-16 10:22:38.299425',139,NULL,NULL,26,11,'https://whoru.s3.ap-northeast-2.amazonaws.com/message/img/1715822558174b8088597-109f-4772-b70e-0987229cffe417155903559077c19a480-0edc-4fb7-97fa-f16d04e8b536c8d68d40dd38a31c9c7f83ad91c5d544.jpeg','image'),(0,0,_binary '\0',0,'2024-05-16 10:23:15.710852',140,NULL,NULL,9,6,'asdfasdfasdf','text'),(0,0,_binary '\0',0,'2024-05-16 10:23:22.575538',141,NULL,NULL,5,6,'ㅂㅈㄷㄱㅁㄴㅇㄻㄴㅇㄹ','text'),(0,0,_binary '\0',0,'2024-05-16 10:23:25.802109',142,NULL,NULL,29,6,'ㅂㅈㄷㄱㅁㄴㅇㄻㅌㄴㅋㅇㅇㅊㅍㅋㅌㅊㅍ','text'),(0,0,_binary '',1,'2024-05-16 10:23:29.827326',143,NULL,'2024-05-20 02:29:09.010833',2,6,'ㅂㅈㄷㄱㅂㅈㄷㄱㅁㄴㅇㅍㅋㅌㅊㅍㅋㅌㅊㅍ','text'),(0,0,_binary '\0',0,'2024-05-16 10:23:32.626325',144,NULL,NULL,13,6,'ㅈㅁㄷㅂㄱ호ㅛㅇㄹ홍ㅍ츄ㅜㅊ퓨ㅜ','text'),(0,0,_binary '',0,'2024-05-16 10:23:36.190762',145,NULL,'2024-05-19 16:15:04.589185',22,6,'ㅇㄱㄹ솔셔ㅛㅗㅓㅍ휴ㅜㅊ퓨ㅜ','text'),(0,0,_binary '\0',0,'2024-05-16 10:23:39.063616',146,NULL,NULL,23,6,'ㅇㄽ효ㅓㅗㄷㅇㅌㄱ솧ㅇㄹㅊ픁ㅊ퓿ㅎ호ㅡㅜ오','text'),(0,0,_binary '\0',0,'2024-05-16 10:23:41.723749',147,NULL,NULL,14,6,'ㄷㄱ셔ㅛㄿ훛ㅍ ㅠㅜㅡㅇㄹ호','text'),(0,0,_binary '\0',0,'2024-05-16 10:23:45.123679',148,NULL,NULL,8,6,'ㄷㅇㄱ숑ㄹ훞츄ㅜㅊ퓨ㅜㅊ퓨ㅜ','text'),(1,0,_binary '',0,'2024-05-16 10:23:48.751355',149,NULL,'2024-05-16 14:22:16.298576',16,6,'ㅑㅕㅓ쇼ㅕㅑ효ㅗㅓㅕㄹ호ㅜㅠㅍ츄ㅜ','text'),(0,0,_binary '\0',0,'2024-05-16 10:23:51.603208',150,NULL,NULL,10,6,'ㅎ로ㅓㅕㅏ호ㅓㅏㅀ옹ㄹ홏퓨ㅜ','text'),(0,0,_binary '',0,'2024-05-16 10:23:55.730434',151,NULL,'2024-05-19 15:22:10.904759',15,6,'ㄱ쇼ㅕㄹ호ㅓㄹ호ㅓㅠ푸ㅡ퓨ㅜㅡ퓨ㅜㅡ','text'),(0,0,_binary '\0',0,'2024-05-16 10:23:59.133571',152,NULL,NULL,10,6,'ㄳ료ㅕㄱ쇼ㅕㄹ호ㅓㄹ호ㅓㅠㅜㅡ퓨ㅜㅡ','text'),(1,0,_binary '',0,'2024-05-16 10:24:02.269210',153,NULL,'2024-05-19 17:03:52.074971',4,6,'ㄽ효ㅓㅡㄹ호ㅓㄹ호ㅓ류ㅜㅡ퓨ㅜㅡ','text'),(0,0,_binary '\0',0,'2024-05-16 10:39:09.249312',154,NULL,NULL,12,11,'https://whoru.s3.ap-northeast-2.amazonaws.com/message/img/171582354916286043d06-3cb2-49cc-8f80-f3231ac979bf1715588945849054cc347-6d9c-477c-8b81-141d1b9846a3image.png','image'),(0,0,_binary '',0,'2024-05-16 10:39:19.830057',155,NULL,'2024-05-16 11:22:21.475053',21,11,'https://whoru.s3.ap-northeast-2.amazonaws.com/message/voice/1715823559682beed7838-b0df-458d-9cd5-20950ca98706blob','voice'),(1,0,_binary '',0,'2024-05-16 10:39:26.720080',156,NULL,'2024-05-16 14:22:01.599177',16,11,'gfdsgfdsgfsdgsdfgdsafdsgdfs','text'),(0,0,_binary '',0,'2024-05-16 10:46:24.422850',157,NULL,'2024-05-17 13:44:54.999746',25,6,'asdfasdfasdf','text'),(1,1,_binary '',NULL,'2024-05-16 10:49:55.198892',158,124,'2024-05-19 18:39:34.882304',27,17,'어의가없내요','text'),(0,1,_binary '',NULL,'2024-05-16 10:50:08.023855',159,120,'2024-05-16 11:22:21.475051',21,17,'ㄹㅈㄷ다..','text'),(0,0,_binary '\0',0,'2024-05-16 10:50:31.903354',160,NULL,NULL,26,17,'여러분 오늘도 좋은 하루 보내세욥 ㅎㅎ\n','text'),(0,0,_binary '',1,'2024-05-16 10:51:04.514518',161,NULL,'2024-05-20 10:49:00.207727',3,17,'진짜 춥다...','text'),(0,0,_binary '',1,'2024-05-16 11:22:21.295759',162,NULL,'2024-05-19 16:15:04.589183',22,21,'https://whoru.s3.ap-northeast-2.amazonaws.com/message/img/1715826141131111c07ec-3703-4861-9150-f6c39aa9f26bIMG_7694.jpeg','image'),(0,0,_binary '\0',0,'2024-05-16 13:14:08.080151',163,NULL,NULL,28,1,'qweq','text'),(0,0,_binary '\0',0,'2024-05-16 13:16:39.105018',164,NULL,NULL,8,1,'qweq','text'),(0,0,_binary '',0,'2024-05-16 13:24:46.225560',165,NULL,'2024-05-20 01:37:39.049294',18,1,'qwe','text'),(0,0,_binary '',1,'2024-05-16 13:25:14.928353',166,NULL,'2024-05-19 16:15:04.589181',22,1,'qqq','text'),(0,1,_binary '',NULL,'2024-05-16 13:45:02.863459',167,166,'2024-05-20 10:09:31.722547',1,22,'ㅋㅋ','text'),(0,1,_binary '\0',NULL,'2024-05-16 13:45:07.903464',168,162,NULL,21,22,'오 ㅋㅋ','text'),(0,1,_binary '',NULL,'2024-05-16 13:45:16.039116',169,91,'2024-05-20 03:52:22.714831',19,22,'굿ㅋ','text'),(0,1,_binary '\0',NULL,'2024-05-16 13:45:20.535734',170,85,NULL,23,22,'ㅋㅋ','text'),(1,0,_binary '',1,'2024-05-16 13:45:44.241448',171,NULL,'2024-05-19 18:39:38.522693',27,22,'https://whoru.s3.ap-northeast-2.amazonaws.com/message/img/17158347441535c1f4158-b5cb-4cdf-ba3d-836a14cdb7f1btnG_아이콘사각.png','image'),(0,0,_binary '',0,'2024-05-16 13:56:26.065171',172,NULL,'2024-05-19 16:15:04.589180',22,31,'아아 마이크테스트마이크테스트','text'),(0,0,_binary '',1,'2024-05-16 14:07:42.932407',173,NULL,'2024-05-17 13:44:54.999745',25,32,'넌 누구냐','text'),(0,0,_binary '',0,'2024-05-16 14:08:09.246250',174,NULL,'2024-05-20 01:37:39.049258',18,32,'https://whoru.s3.ap-northeast-2.amazonaws.com/message/img/171583608915603431535-d1fe-42d8-bae5-225399844ca9images.png','image'),(0,0,_binary '\0',0,'2024-05-16 14:08:35.942102',175,NULL,NULL,10,32,'아무나 메세지 보내줘','text'),(0,0,_binary '',0,'2024-05-16 14:09:26.936330',176,NULL,'2024-05-20 10:46:51.614588',11,32,'랜덤채팅을 만든 의도가 뭐야?','text'),(0,0,_binary '',0,'2024-05-16 14:22:45.079341',177,NULL,'2024-05-19 15:12:44.517343',17,16,'오늘은 목요일.\n프로젝트 3일 남았다.\n드디어..끝!','text'),(0,1,_binary '\0',NULL,'2024-05-16 15:00:59.875064',178,97,NULL,24,3,'안녕! 반가워!','text'),(0,1,_binary '\0',NULL,'2024-05-16 15:01:11.480871',179,131,NULL,29,3,'ㅎㅎㅎ저욥','text'),(0,1,_binary '',NULL,'2024-05-16 15:01:21.324460',180,161,'2024-05-19 15:12:44.517342',17,3,'오늘 날씨가 많이 쌀쌀하긴해!','text'),(0,0,_binary '',0,'2024-05-16 15:19:24.269993',181,NULL,'2024-05-20 01:37:39.049256',18,33,'https://whoru.s3.ap-northeast-2.amazonaws.com/message/img/1715840364168cafa2779-01ea-4559-9ab8-ffb706278580wink.png','image'),(0,0,_binary '',0,'2024-05-16 15:21:45.659490',182,NULL,'2024-05-20 01:37:39.049255',18,34,'안녕','text'),(0,0,_binary '',1,'2024-05-16 15:21:57.885235',183,NULL,'2024-05-17 13:44:54.999744',25,33,'ㅎㅇㅎㅇ','text'),(0,0,_binary '\0',0,'2024-05-16 15:22:15.530163',184,NULL,NULL,8,34,'https://whoru.s3.ap-northeast-2.amazonaws.com/message/img/171584053543014b3ebd7-9def-4039-9b5d-d24810bceb1dimage (1).png','image'),(0,0,_binary '\0',0,'2024-05-16 15:22:48.657269',185,NULL,NULL,26,33,'https://whoru.s3.ap-northeast-2.amazonaws.com/message/voice/17158405685457f76be78-8ccc-48d2-b60e-2b2c9846261ablob','voice'),(0,1,_binary '',NULL,'2024-05-16 15:23:50.545248',186,183,'2024-05-20 10:58:47.478274',33,25,'방가방가','text'),(0,1,_binary '\0',NULL,'2024-05-16 15:23:53.512063',187,173,NULL,32,25,'난 나다','text'),(0,0,_binary '\0',0,'2024-05-16 17:16:08.296774',188,NULL,NULL,9,35,'내가 모은 도감이 사라졌어..','text'),(0,0,_binary '\0',0,'2024-05-16 17:16:20.778145',189,NULL,NULL,21,35,'https://whoru.s3.ap-northeast-2.amazonaws.com/message/img/171584738065780e09eb1-70ca-40c4-90ee-5fa0741ba401best.png','image'),(0,0,_binary '\0',0,'2024-05-16 17:17:43.863087',190,NULL,NULL,10,35,'가까이 써주세요~ >.<\nhttps://k10d108.p.ssafy.io','text'),(0,0,_binary '',1,'2024-05-16 17:18:21.845749',191,NULL,'2024-05-20 10:49:00.207726',3,35,'https://whoru.s3.ap-northeast-2.amazonaws.com/message/img/17158475017597cbdcad2-9795-4250-a116-ec4b48e20a65cheering.gif','image'),(0,1,_binary '',NULL,'2024-05-16 17:18:36.922097',192,138,'2024-05-20 10:46:51.614587',11,25,'ㅁㅎㄴㅎ롬','text'),(0,1,_binary '',NULL,'2024-05-17 09:05:14.382299',193,191,'2024-05-20 01:18:01.746403',35,3,'ㅋㅋㅋㅋㅋ깜찍한펭귄이네요','text'),(0,0,_binary '\0',0,'2024-05-17 10:25:26.867224',194,NULL,NULL,14,37,'누구?','text'),(0,1,_binary '',NULL,'2024-05-17 11:04:42.348619',195,143,'2024-05-20 11:07:24.170842',6,2,'zzzzzzz 하이요 ','text'),(0,0,_binary '',0,'2024-05-17 13:29:23.278222',196,NULL,'2024-05-20 10:46:51.614585',11,3,'하이루','text'),(0,1,_binary '\0',NULL,'2024-05-17 19:32:24.880774',197,136,NULL,29,19,'ㅎㅋㅎㅋ','text'),(0,0,_binary '\0',0,'2024-05-19 01:24:35.063946',198,NULL,NULL,24,37,'ㅎㅇㅎㅇ','text'),(0,0,_binary '',1,'2024-05-19 15:06:34.269114',199,NULL,'2024-05-19 15:12:44.517340',17,2,'https://whoru.s3.ap-northeast-2.amazonaws.com/message/img/171609879383822e93a63-68ec-4234-a5a8-f3d7f947d86d배경화면.jpg','image'),(0,0,_binary '',1,'2024-05-19 15:07:16.079980',200,NULL,'2024-05-19 18:48:15.672337',41,2,'휴일에 코딩하기 빡센사람 손~ ','text'),(0,1,_binary '',NULL,'2024-05-19 15:08:50.261467',201,200,'2024-05-20 02:29:09.010831',2,41,'https://whoru.s3.ap-northeast-2.amazonaws.com/message/img/1716098930179522827fd-11a1-4c50-b0ea-f621582250348a28734f6636de8b8f7a5225d56a8326.jpg','image'),(0,0,_binary '',1,'2024-05-19 15:09:16.114174',202,NULL,'2024-05-20 02:29:09.010830',2,17,'우와 업데이트 기능이 정말 유용하다','text'),(0,0,_binary '',0,'2024-05-19 15:09:45.145416',203,NULL,'2024-05-19 15:10:37.077668',42,17,'다들 즐거운 하루를 보내자','text'),(0,1,_binary '',NULL,'2024-05-19 15:09:54.751590',204,202,'2024-05-19 15:12:44.517337',17,2,'https://whoru.s3.ap-northeast-2.amazonaws.com/message/img/171609899468851e6f6ac-9633-41f6-a951-b7270df1ae35다운로드.png','image'),(0,1,_binary '',NULL,'2024-05-19 15:10:41.320518',205,199,'2024-05-20 02:29:09.010829',2,17,'너누군지알겟다..','text'),(0,0,_binary '',1,'2024-05-19 15:12:30.213247',206,NULL,'2024-05-20 10:49:07.036783',4,19,'https://whoru.s3.ap-northeast-2.amazonaws.com/message/img/1716099150048cf324af5-c5b5-4afa-9a8e-f5299e70480820240509_113404.jpg','image'),(0,0,_binary '',1,'2024-05-19 15:12:41.868971',207,NULL,'2024-05-20 10:50:28.276575',20,19,'https://whoru.s3.ap-northeast-2.amazonaws.com/message/img/1716099161703ea8dd105-3f00-4be3-91b8-8acbef89501f20240516_123058.jpg','image'),(0,0,_binary '',0,'2024-05-19 15:13:08.776829',208,NULL,'2024-05-20 10:49:07.036782',4,19,'https://whoru.s3.ap-northeast-2.amazonaws.com/message/img/17160991886498621e04a-a78f-4754-b568-9cf712be9fa020240516_123035.jpg','image'),(0,0,_binary '',0,'2024-05-19 15:13:47.019265',209,NULL,'2024-05-20 10:49:07.036781',4,19,'행복한 하루 되세뇨','text'),(0,0,_binary '',1,'2024-05-19 15:16:44.278657',210,NULL,'2024-05-20 10:49:07.036781',4,19,'https://whoru.s3.ap-northeast-2.amazonaws.com/message/img/1716099404141c8b7e6c5-672a-4475-950c-05b34e4e7783image-94w7f8mqrffitn1rsadgzekunh.png','image'),(1,0,_binary '',0,'2024-05-19 15:17:53.695752',211,NULL,'2024-05-19 15:33:05.556520',37,19,'https://whoru.s3.ap-northeast-2.amazonaws.com/message/img/1716099473588a985d94b-12a4-4acd-a15b-40ea37ec197720240504_171758.jpg','image'),(0,0,_binary '',0,'2024-05-19 15:32:01.061511',212,NULL,'2024-05-19 16:15:04.589168',22,37,'ㅎㅇ','text'),(0,0,_binary '',0,'2024-05-19 15:37:35.115847',213,NULL,'2024-05-19 16:15:04.589143',22,41,'https://whoru.s3.ap-northeast-2.amazonaws.com/message/img/17161006550092be8d17f-76aa-49d2-91c4-36a99d23d17b07_누누씨.jpg','image'),(0,0,_binary '',1,'2024-05-19 16:15:02.578697',214,NULL,'2024-05-20 10:50:28.276574',20,22,'굿 잘만듬','text'),(0,1,_binary '\0',NULL,'2024-05-19 16:58:25.261196',215,214,NULL,22,20,'감사합니다','text'),(0,1,_binary '',NULL,'2024-05-19 16:58:39.972302',216,207,'2024-05-20 03:52:22.714830',19,20,'귀엽네요','text'),(0,1,_binary '',NULL,'2024-05-19 17:05:34.724195',217,210,'2024-05-20 03:52:22.714829',19,4,'행복한 하루 되세요!','text'),(0,1,_binary '',NULL,'2024-05-19 17:07:28.415216',218,206,'2024-05-20 03:52:22.714827',19,4,'행복한 하루 되세요!','text'),(0,0,_binary '',1,'2024-05-19 17:09:16.112286',219,NULL,'2024-05-20 10:49:07.036779',4,1,'오늘 너무 더운거 같은데 옷은 어떻게 입고 나갈까요 ?','text'),(0,1,_binary '',NULL,'2024-05-19 17:09:58.592572',220,219,'2024-05-20 10:09:31.722546',1,4,'진짜 오늘 날씨 미쳤어요;;','text'),(0,0,_binary '',1,'2024-05-19 17:10:22.793502',221,NULL,'2024-05-20 10:49:07.036778',4,1,'오늘 너무 더운거 같은데 옷은 어떻게 입고 나갈까 ?','text'),(0,1,_binary '',NULL,'2024-05-19 17:12:40.529002',222,221,'2024-05-20 10:09:31.722545',1,4,'진짜 오늘 날씨 미친듯;;','text'),(0,0,_binary '',0,'2024-05-19 17:14:48.698795',223,NULL,'2024-05-19 17:49:39.799604',43,4,'행복한 하루 보내세요!!!','text'),(0,0,_binary '',0,'2024-05-19 17:53:43.559714',224,NULL,'2024-05-19 18:38:39.116950',44,2,'https://whoru.s3.ap-northeast-2.amazonaws.com/message/img/1716108822986e6199ed6-14e0-4786-93aa-0de7746ab7b8IMG_0886.jpeg','image'),(0,0,_binary '',0,'2024-05-19 17:53:44.515069',225,NULL,'2024-05-19 18:36:53.149719',45,2,'https://whoru.s3.ap-northeast-2.amazonaws.com/message/img/171610882437584a6b0ac-fbcc-4b9e-be0f-3389f2efed22IMG_0886.jpeg','image'),(0,0,_binary '',0,'2024-05-19 17:54:00.462982',226,NULL,'2024-05-19 18:38:39.116949',44,2,'내일 회식 하는 사람 손','text'),(0,0,_binary '',1,'2024-05-19 18:01:47.199934',227,NULL,'2024-05-20 02:29:09.010828',2,3,'안녕하세요 처음써봅니다 잘부탁드려요','text'),(0,0,_binary '',1,'2024-05-19 18:02:14.302461',228,NULL,'2024-05-20 10:50:28.276574',20,3,'안녕하세요 처음써봅니다 잘부탁드려요','text'),(0,1,_binary '',NULL,'2024-05-19 18:06:13.884571',229,228,'2024-05-20 10:49:00.207725',3,20,'답장','text'),(0,0,_binary '',0,'2024-05-19 18:09:52.856567',230,NULL,'2024-05-19 18:38:39.116948',44,6,'안녕하세요!!!','text'),(0,1,_binary '',NULL,'2024-05-19 18:11:50.416147',231,227,'2024-05-20 10:49:00.207724',3,2,'https://whoru.s3.ap-northeast-2.amazonaws.com/message/img/1716109910350f2d8f4c6-677a-4817-a44e-bcb77d1fb123IMG_0893.jpeg','image'),(0,0,_binary '',1,'2024-05-19 18:17:38.200553',232,NULL,'2024-05-20 10:49:00.207723',3,20,'반갑습니다','text'),(0,1,_binary '',NULL,'2024-05-19 18:17:59.295136',233,232,'2024-05-20 10:50:28.276572',20,3,'옙반갑습니다','text'),(0,0,_binary '',1,'2024-05-19 18:18:54.025622',234,NULL,'2024-05-20 10:50:28.276571',20,3,'안녕하세용','text'),(0,1,_binary '',NULL,'2024-05-19 18:19:09.523312',235,234,'2024-05-20 10:49:00.207722',3,20,'반갑습니다','text'),(0,0,_binary '',1,'2024-05-19 18:31:47.849646',236,NULL,'2024-05-19 18:36:53.149717',45,44,'안뇽안뇽','text'),(0,1,_binary '',NULL,'2024-05-19 18:35:48.406400',237,236,'2024-05-19 18:38:39.116947',44,45,'ㅎㅇ','text'),(0,0,_binary '',1,'2024-05-19 18:36:24.665367',238,NULL,'2024-05-20 10:57:04.167076',46,27,'안녕ㅇㅇㅇㅇㅇㅇㅇㅇㅇㅇㅇㅇ','text'),(0,1,_binary '\0',NULL,'2024-05-19 18:36:32.744780',239,171,NULL,22,27,'ㅇㅇ','text'),(1,1,_binary '',NULL,'2024-05-19 18:36:42.887089',240,238,'2024-05-19 18:39:31.283355',27,46,'안녕하세요','text'),(0,0,_binary '',1,'2024-05-19 18:37:11.007110',241,NULL,'2024-05-20 10:50:28.276571',20,27,'어케쓰는거고?','text'),(0,0,_binary '',1,'2024-05-19 18:37:47.585873',242,NULL,'2024-05-20 10:50:28.276570',20,27,'어케쓰는거고1!!!!!!!!!!!!!!!!!!!!!!!1','text'),(1,0,_binary '',1,'2024-05-19 18:37:58.775954',243,NULL,'2024-05-19 18:38:55.639658',27,46,'https://whoru.s3.ap-northeast-2.amazonaws.com/message/img/17161114786978f4ddc6f-3860-49f0-8973-ae2b19ec40f5images (2).jpg','image'),(0,1,_binary '',NULL,'2024-05-19 18:38:17.122155',244,243,'2024-05-20 10:57:04.167075',46,27,'뭘보노','text'),(1,1,_binary '',NULL,'2024-05-19 18:38:32.351550',245,242,'2024-05-19 18:39:27.223239',27,20,'진정하세요 선생님','text'),(1,1,_binary '',NULL,'2024-05-19 18:38:46.123898',246,241,'2024-05-19 18:38:50.309392',27,20,'진정하세요 선생님!','text'),(0,0,_binary '',0,'2024-05-19 18:39:53.495399',247,NULL,'2024-05-20 11:07:24.170841',6,20,'눈치게임 시작','text'),(0,0,_binary '',1,'2024-05-19 18:59:02.115736',248,NULL,'2024-05-20 10:50:28.276569',20,2,'https://whoru.s3.ap-northeast-2.amazonaws.com/message/img/171611274164887498f14-cdbc-4e38-9891-4abb10bcbe37IMG_0894.jpeg','image'),(0,0,_binary '',0,'2024-05-19 18:59:02.392645',249,NULL,'2024-05-20 11:07:24.170840',6,2,'https://whoru.s3.ap-northeast-2.amazonaws.com/message/img/1716112742299a8862473-787e-447c-9f1e-c6ad5edc66aaIMG_0894.jpeg','image'),(0,0,_binary '',0,'2024-05-19 18:59:02.616106',250,NULL,'2024-05-20 11:07:24.170839',6,2,'https://whoru.s3.ap-northeast-2.amazonaws.com/message/img/171611274251395dd2fab-8203-481b-963c-1bcafeca57ecIMG_0894.jpeg','image'),(0,0,_binary '',0,'2024-05-19 18:59:02.853012',251,NULL,'2024-05-20 11:07:24.170838',6,2,'https://whoru.s3.ap-northeast-2.amazonaws.com/message/img/17161127427687f84ab14-1f3b-4b04-9313-66909c5bba58IMG_0894.jpeg','image'),(0,0,_binary '',0,'2024-05-19 18:59:02.962657',252,NULL,'2024-05-20 11:07:24.170837',6,2,'https://whoru.s3.ap-northeast-2.amazonaws.com/message/img/171611274283113cff3d5-1667-4969-a45e-bf29ea05af8fIMG_0894.jpeg','image'),(0,0,_binary '',0,'2024-05-19 18:59:02.984372',253,NULL,'2024-05-20 11:07:24.170836',6,2,'https://whoru.s3.ap-northeast-2.amazonaws.com/message/img/1716112742869427a1ef5-a666-478c-a494-6d9bd24ee7d0IMG_0894.jpeg','image'),(0,0,_binary '',0,'2024-05-19 18:59:03.839297',254,NULL,'2024-05-20 11:07:24.170835',6,2,'https://whoru.s3.ap-northeast-2.amazonaws.com/message/img/1716112743764ef9f1caf-969b-4fda-8afa-2e513b06c00fIMG_0894.jpeg','image'),(0,0,_binary '',0,'2024-05-19 18:59:17.923366',255,NULL,'2024-05-20 11:07:24.170834',6,2,'https://whoru.s3.ap-northeast-2.amazonaws.com/message/img/1716112757812db86f192-b1da-43bf-ba4e-dc5cadaa77fbIMG_0894.jpeg','image'),(0,0,_binary '',0,'2024-05-19 18:59:18.147584',256,NULL,'2024-05-20 11:07:24.170833',6,2,'https://whoru.s3.ap-northeast-2.amazonaws.com/message/img/1716112758063bb0198b4-1a39-4f67-87f7-85df6130b459IMG_0894.jpeg','image'),(0,1,_binary '',NULL,'2024-05-19 19:01:43.837281',257,248,'2024-05-20 02:29:09.010826',2,20,'달사진 이쁘네요','text'),(0,0,_binary '',1,'2024-05-19 19:06:50.167485',258,NULL,'2024-05-20 10:50:28.276568',20,49,'민나 옷하요~!','text'),(0,1,_binary '',NULL,'2024-05-19 19:07:17.904082',259,258,'2024-05-19 19:08:12.262936',49,20,'저기요 메세지 잘봤습니다','text'),(1,0,_binary '',0,'2024-05-19 19:23:25.081336',260,NULL,'2024-05-19 19:44:13.079386',1,3,'시부레','text'),(1,0,_binary '',0,'2024-05-19 19:25:10.265328',261,NULL,'2024-05-19 20:22:18.272527',6,2,'https://whoru.s3.ap-northeast-2.amazonaws.com/message/img/1716114310169c98b5c3d-a1cf-468e-9717-11f071a9f63bIMG_0875.jpeg','image'),(0,0,_binary '',0,'2024-05-19 19:25:54.198613',262,NULL,'2024-05-20 10:14:59.520518',54,2,'https://whoru.s3.ap-northeast-2.amazonaws.com/message/img/17161143540878b61782b-fc4f-40cc-bfdb-5a9b63b925ffIMG_0893.jpeg','image'),(0,0,_binary '',0,'2024-05-19 19:35:38.259967',263,NULL,'2024-05-20 03:52:22.714826',19,2,'https://whoru.s3.ap-northeast-2.amazonaws.com/message/img/171611493807669a7ac7a-8c57-4a11-9cac-f01a1d3184caIMG_0897.jpeg','image'),(0,0,_binary '',1,'2024-05-19 20:29:07.314238',264,NULL,'2024-05-20 10:14:59.520517',54,2,'희귀 등급 뽑고싶어 ㅠㅠㅠㅠ','text'),(0,0,_binary '',0,'2024-05-19 20:29:13.920570',265,NULL,'2024-05-20 10:14:59.520516',54,2,'랜덤박스좀 줘봐요 ㅠㅠㅠㅠ','text'),(0,0,_binary '',0,'2024-05-19 20:29:46.192873',266,NULL,'2024-05-20 03:52:22.714823',19,2,'https://whoru.s3.ap-northeast-2.amazonaws.com/message/img/17161181861097b7d2571-4552-41bf-9154-f69dd5a38ed3지브리배경화면1.jpg','image'),(0,0,_binary '',0,'2024-05-19 20:30:30.009643',267,NULL,'2024-05-20 10:14:59.520515',54,2,'https://whoru.s3.ap-northeast-2.amazonaws.com/message/img/171611822993991048096-fdd9-47e9-9b87-ea5312d89c2d다운로드.jpg','image'),(0,0,_binary '',0,'2024-05-19 20:30:44.412550',268,NULL,'2024-05-20 00:33:33.388422',16,2,'https://whoru.s3.ap-northeast-2.amazonaws.com/message/img/17161182442797dfc6ca7-a8ea-4c91-9435-265f3fd508671.png','image'),(0,0,_binary '',1,'2024-05-19 20:30:54.033998',269,NULL,'2024-05-20 10:50:28.276567',20,2,'랜덤상자좀 줘바 ....','text'),(0,0,_binary '',0,'2024-05-19 20:34:35.530456',270,NULL,'2024-05-20 01:37:39.049252',18,2,'오늘 초밥 진짜 양 많았씀 진평 먹자골목 쪽 초심 << 가보세요. 새로 생겼는데 개맛있고 양많음;;','text'),(1,0,_binary '',1,'2024-05-19 20:36:06.744568',271,NULL,'2024-05-19 23:52:13.616266',20,2,'https://whoru.s3.ap-northeast-2.amazonaws.com/message/img/1716118566629a4f923de-ad3e-47cb-b6fa-9e94ea7a890e다운로드 (1).jpg','image'),(0,1,_binary '',NULL,'2024-05-19 20:45:50.536572',272,271,'2024-05-20 02:29:09.010825',2,20,'람각','text'),(0,1,_binary '',NULL,'2024-05-19 20:46:01.487690',273,269,'2024-05-20 02:29:09.010824',2,20,'저도 주세요!','text'),(0,0,_binary '',1,'2024-05-19 21:10:46.695822',274,NULL,'2024-05-20 11:07:24.170832',6,2,'https://whoru.s3.ap-northeast-2.amazonaws.com/message/img/1716120646493ba9925e0-2031-4f91-809f-e45283d7df2cIMG_0771.jpeg','image'),(1,0,_binary '',0,'2024-05-19 21:35:44.413772',275,NULL,'2024-05-19 23:34:06.564430',20,1,'ㅁㄴㅇㄻㄴㅇㄻㄴㅇㄹ\n\n\n\n\n\nㅁㄴㅇㄻㄴㅇㄹㄴㅁ','text'),(0,0,_binary '',0,'2024-05-19 21:44:29.233652',276,NULL,'2024-05-20 10:09:31.722544',1,6,'ㅁㄴㅇㄻㄴㅇㄻㄻ\n\n\n\n\n\n\n\n\nㅁㄴㅇㄻㄴㅇㄹㄴㅁㅇㄹ','text'),(0,1,_binary '',NULL,'2024-05-20 02:29:00.380968',277,274,'2024-05-20 02:29:09.010821',2,6,'와!! 엄청 맛있게 생겼어요!!','text'),(0,0,_binary '',0,'2024-05-20 02:29:16.833187',278,NULL,'2024-05-20 10:49:00.207721',3,6,'오늘 너무 더웠는데 다들 괜찮았나요?','text'),(0,0,_binary '',1,'2024-05-20 02:29:45.081054',279,NULL,'2024-05-20 10:09:31.722543',1,6,'오늘 너무 더웠는데 다들 괜찮았나요?','text'),(0,0,_binary '',1,'2024-05-20 02:29:55.485628',280,NULL,'2024-05-20 10:49:00.207720',3,6,'오늘 너무 더웠는데 다들 괜찮았나요?','text'),(0,1,_binary '',NULL,'2024-05-20 03:44:14.186649',281,280,'2024-05-20 11:07:24.170831',6,3,'안녕하세요 테스트입니당','text'),(0,0,_binary '',0,'2024-05-20 03:44:38.224380',282,NULL,'2024-05-20 10:14:59.520514',54,3,'안녕 다들 숨은쉬고있니','text'),(0,0,_binary '',0,'2024-05-20 03:44:56.745791',283,NULL,'2024-05-20 10:14:59.520512',54,3,'랜덤박스 주세요!','text'),(0,0,_binary '',0,'2024-05-20 03:45:08.356527',284,NULL,'2024-05-20 09:14:53.952006',52,3,'아닛 확률실화!!?','text'),(0,1,_binary '',NULL,'2024-05-20 03:56:22.334193',285,279,'2024-05-20 11:07:24.170830',6,1,'너무 더워서 미쳐버릴 것 같았어요~!','text'),(0,0,_binary '',1,'2024-05-20 03:57:17.996919',286,NULL,'2024-05-20 10:09:31.722542',1,6,'오늘 너무 더웠는데 다들 괜찮았나요?','text'),(0,1,_binary '',NULL,'2024-05-20 03:57:45.693079',287,286,'2024-05-20 11:07:24.170830',6,1,'너무 더워 미쳐버릴 것 같았어요~!','text'),(0,0,_binary '',1,'2024-05-20 03:58:34.155339',288,NULL,'2024-05-20 10:09:31.722540',1,6,'오늘 너무 더웠는데 다들 괜찮았나요?','text'),(0,1,_binary '',NULL,'2024-05-20 03:59:18.284321',289,288,'2024-05-20 11:07:24.170828',6,1,'아우 진짜 너무 더웠어요ㅠㅠ','text'),(0,0,_binary '',0,'2024-05-20 08:25:28.719243',290,NULL,'2024-05-20 10:50:28.276565',20,11,'https://whoru.s3.ap-northeast-2.amazonaws.com/message/img/17161611282298b1b5a23-6e78-473e-9067-17e1a0877cc1IMG_8262.jpeg','image'),(0,0,_binary '',1,'2024-05-20 09:29:23.743665',291,NULL,'2024-05-20 10:09:31.722539',1,3,'어후 발표 떨리네요','text'),(0,1,_binary '',NULL,'2024-05-20 09:29:51.409661',292,291,'2024-05-20 10:49:00.207719',3,1,'화이팅하세요!!','text'),(0,0,_binary '',0,'2024-05-20 09:52:01.942329',293,NULL,'2024-05-20 10:09:31.722538',1,54,'콘솔로그들좀 없애주세요 ㅎㅎ','text'),(0,0,_binary '',0,'2024-05-20 09:57:24.185964',294,NULL,'2024-05-20 10:09:31.722537',1,54,'내 메세지 어디서봅니까 !@!','text'),(0,0,_binary '',0,'2024-05-20 09:57:58.188940',295,NULL,'2024-05-20 10:09:31.722535',1,54,'랜덤박스주세여','text'),(0,1,_binary '\0',NULL,'2024-05-20 10:03:18.280962',296,264,NULL,2,54,'https://whoru.s3.ap-northeast-2.amazonaws.com/message/img/171616699785264270fa8-8545-41b3-9c80-82faf46b4c14cat.jpg','image'),(0,0,_binary '',1,'2024-05-20 10:10:52.912320',297,NULL,'2024-05-20 10:57:04.167074',46,6,'https://whoru.s3.ap-northeast-2.amazonaws.com/message/img/1716167452646d6986d51-c092-4302-840b-488257546384IMG_1823.jpeg','image'),(0,0,_binary '\0',0,'2024-05-20 10:11:58.101450',298,NULL,NULL,NULL,6,'https://whoru.s3.ap-northeast-2.amazonaws.com/message/voice/1716167517962557988a6-df57-4b97-bf41-da7c306d3e06blob','voice'),(0,1,_binary '',NULL,'2024-05-20 10:14:53.801737',299,297,'2024-05-20 11:07:24.170822',6,46,'너무 맛있어 보이네요','text'),(0,0,_binary '\0',0,'2024-05-20 10:21:06.727663',300,NULL,NULL,NULL,6,'https://whoru.s3.ap-northeast-2.amazonaws.com/message/img/1716168066558e2659d78-3e74-42a6-8a85-a61b80298bacIMG_1211.jpeg','image'),(0,0,_binary '',1,'2024-05-20 10:21:44.245137',301,NULL,'2024-05-20 10:49:00.207718',3,6,'https://whoru.s3.ap-northeast-2.amazonaws.com/message/img/171616810412361ff0c1d-5e0c-40ce-af3d-b23c5a5d52bc3472416850851560240_20240502234147706.jpeg','image'),(0,1,_binary '',NULL,'2024-05-20 10:46:52.727911',302,301,'2024-05-20 11:07:24.170821',6,3,'맛있겠다','text'),(0,0,_binary '',1,'2024-05-20 10:48:08.085989',303,NULL,'2024-05-20 11:07:24.170820',6,3,'https://whoru.s3.ap-northeast-2.amazonaws.com/message/voice/1716169687941205b60ec-2702-43d8-a8d0-c2367f9dadeeblob','voice'),(0,0,_binary '',1,'2024-05-20 10:48:30.394480',304,NULL,'2024-05-20 11:07:24.170819',6,3,'안녕하세용','text'),(0,0,_binary '',1,'2024-05-20 10:48:52.400126',305,NULL,'2024-05-20 11:07:24.170818',6,3,'https://whoru.s3.ap-northeast-2.amazonaws.com/message/img/1716169732241c9c48c2e-59d3-4b8f-a714-27deaa024903image.jpg','image'),(0,1,_binary '',NULL,'2024-05-20 10:48:59.495987',306,303,'2024-05-20 10:49:00.207716',3,6,'안녕하세요!!','text'),(0,1,_binary '\0',NULL,'2024-05-20 10:49:18.574055',307,305,NULL,3,6,'고양이가 귀여워요 !','text'),(0,1,_binary '\0',NULL,'2024-05-20 10:50:21.484899',308,304,NULL,3,6,'안녕라세요!!!!','text'),(0,0,_binary '',1,'2024-05-20 10:56:29.550336',309,NULL,'2024-05-20 10:58:47.478272',33,46,'안녕하세요!!','text'),(0,1,_binary '\0',NULL,'2024-05-20 10:58:07.264905',310,309,NULL,46,33,'안녕하세요','text');
/*!40000 ALTER TABLE `message` ENABLE KEYS */;
UNLOCK TABLES;

--
-- Table structure for table `report`
--

DROP TABLE IF EXISTS `report`;
/*!40101 SET @saved_cs_client     = @@character_set_client */;
/*!50503 SET character_set_client = utf8mb4 */;
CREATE TABLE `report` (
  `is_reviewed` bit(1) DEFAULT NULL,
  `id` bigint NOT NULL AUTO_INCREMENT,
  `member_id` bigint DEFAULT NULL,
  `message_id` bigint DEFAULT NULL,
  `report_date` datetime(6) NOT NULL,
  `report_type` enum('VILIFICATION','DISEASE','SPAM') COLLATE utf8mb3_bin DEFAULT NULL,
  PRIMARY KEY (`id`),
  KEY `FKel7y5wyx42a6njav1dbe2torl` (`member_id`),
  KEY `FKmx1yykcoouxp05c9mga8fjccg` (`message_id`),
  CONSTRAINT `FKel7y5wyx42a6njav1dbe2torl` FOREIGN KEY (`member_id`) REFERENCES `member` (`id`),
  CONSTRAINT `FKmx1yykcoouxp05c9mga8fjccg` FOREIGN KEY (`message_id`) REFERENCES `message` (`id`)
) ENGINE=InnoDB AUTO_INCREMENT=26 DEFAULT CHARSET=utf8mb3 COLLATE=utf8mb3_bin;
/*!40101 SET character_set_client = @saved_cs_client */;

--
-- Dumping data for table `report`
--

LOCK TABLES `report` WRITE;
/*!40000 ALTER TABLE `report` DISABLE KEYS */;
INSERT INTO `report` VALUES (_binary '\0',1,14,32,'2024-05-14 19:38:48.533144','SPAM'),(_binary '\0',2,13,27,'2024-05-14 19:40:39.907101','SPAM'),(_binary '\0',3,2,59,'2024-05-14 20:23:44.559009','SPAM'),(_binary '\0',4,25,102,'2024-05-15 19:23:09.854741','SPAM'),(_binary '\0',5,26,98,'2024-05-15 19:23:11.082487','SPAM'),(_binary '\0',6,3,31,'2024-05-16 00:11:46.465491','SPAM'),(_binary '\0',7,3,34,'2024-05-16 00:13:52.061040','SPAM'),(_binary '\0',8,12,37,'2024-05-16 00:17:48.092671','SPAM'),(_binary '\0',9,26,100,'2024-05-16 00:18:26.835315','SPAM'),(_binary '\0',10,6,113,'2024-05-16 00:18:49.809503','SPAM'),(_binary '\0',11,19,92,'2024-05-16 10:50:12.686073','SPAM'),(_binary '\0',12,11,156,'2024-05-16 14:22:13.606493','SPAM'),(_binary '\0',13,6,149,'2024-05-16 14:22:20.400059','SPAM'),(_binary '\0',14,19,211,'2024-05-19 15:33:11.204138','SPAM'),(_binary '\0',15,6,153,'2024-05-19 17:03:56.333512','SPAM'),(_binary '\0',16,20,246,'2024-05-19 18:38:54.182463','SPAM'),(_binary '\0',17,46,243,'2024-05-19 18:38:58.769762','SPAM'),(_binary '\0',18,20,245,'2024-05-19 18:39:30.125247','SPAM'),(_binary '\0',19,46,240,'2024-05-19 18:39:32.912744','SPAM'),(_binary '\0',20,17,158,'2024-05-19 18:39:36.294536','SPAM'),(_binary '\0',21,22,171,'2024-05-19 18:39:39.819158','SPAM'),(_binary '\0',22,3,260,'2024-05-19 19:45:04.221245','SPAM'),(_binary '\0',23,2,261,'2024-05-19 20:22:29.274219','SPAM'),(_binary '\0',24,1,275,'2024-05-19 23:34:11.369270','SPAM'),(_binary '\0',25,2,271,'2024-05-19 23:53:59.560357','SPAM');
/*!40000 ALTER TABLE `report` ENABLE KEYS */;
UNLOCK TABLES;
/*!40103 SET TIME_ZONE=@OLD_TIME_ZONE */;

/*!40101 SET SQL_MODE=@OLD_SQL_MODE */;
/*!40014 SET FOREIGN_KEY_CHECKS=@OLD_FOREIGN_KEY_CHECKS */;
/*!40014 SET UNIQUE_CHECKS=@OLD_UNIQUE_CHECKS */;
/*!40101 SET CHARACTER_SET_CLIENT=@OLD_CHARACTER_SET_CLIENT */;
/*!40101 SET CHARACTER_SET_RESULTS=@OLD_CHARACTER_SET_RESULTS */;
/*!40101 SET COLLATION_CONNECTION=@OLD_COLLATION_CONNECTION */;
/*!40111 SET SQL_NOTES=@OLD_SQL_NOTES */;

-- Dump completed on 2024-05-20 12:05:38
